{
  "bertscore": 0.8509128808975219,
  "lexical_recall": 0.23746368418405123,
  "title_cov": 0.0,
  "noloop": 0.9518265455474758,
  "ctx_recall": 0.23746368418405123,
  "nohall": 0.5156843156843156,
  "storyscore": 0.6055332022121338
}