{
  "bertscore": 0.8547960519790649,
  "lexical_recall": 0.25418060200668896,
  "title_cov": 0.0,
  "noloop": 0.95,
  "ctx_recall": 0.25418060200668896,
  "nohall": 0.46153846153846156,
  "storyscore": 0.6145498719901145
}