{
  "bertscore": 0.8496885895729065,
  "lexical_recall": 0.2508250825082508,
  "title_cov": 0.0,
  "noloop": 0.9487179487179487,
  "ctx_recall": 0.2508250825082508,
  "nohall": 0.5,
  "storyscore": 0.6101431867470443
}