{
  "bertscore": 0.8270596265792847,
  "lexical_recall": 0.15202702702702703,
  "title_cov": 0.0,
  "noloop": 0.9523809523809523,
  "ctx_recall": 0.15202702702702703,
  "nohall": 0.4,
  "storyscore": 0.5570465867583816
}