{
  "bertscore": 0.8506377935409546,
  "lexical_recall": 0.22910216718266255,
  "title_cov": 0.0,
  "noloop": 0.9534883720930233,
  "ctx_recall": 0.22910216718266255,
  "nohall": 0.5454545454545454,
  "storyscore": 0.6020235429976378
}