{
  "bertscore": 0.8469914793968201,
  "lexical_recall": 0.22875816993464052,
  "title_cov": 0.0,
  "noloop": 0.9545454545454546,
  "ctx_recall": 0.22875816993464052,
  "nohall": 0.5555555555555556,
  "storyscore": 0.5996981556119483
}