{
  "bertscore": 0.8413936495780945,
  "lexical_recall": 0.2510822510822511,
  "title_cov": 0.0,
  "noloop": 0.9090909090909091,
  "ctx_recall": 0.2510822510822511,
  "nohall": 0.5,
  "storyscore": 0.605269090179757
}