{
  "bertscore": 0.8387796759605408,
  "lexical_recall": 0.20740525647672806,
  "title_cov": 0.0,
  "noloop": 0.9372925320293742,
  "ctx_recall": 0.20740525647672806,
  "nohall": 0.4792063492063492,
  "storyscore": 0.5862299081670156
}