{
  "bertscore": 0.8291468620300293,
  "lexical_recall": 0.17307692307692307,
  "title_cov": 0.0,
  "noloop": 0.9230769230769231,
  "ctx_recall": 0.17307692307692307,
  "nohall": 0.3571428571428571,
  "storyscore": 0.5667188864487868
}