{
  "bertscore": 0.8483903408050537,
  "lexical_recall": 0.20241691842900303,
  "title_cov": 0.0,
  "noloop": 0.9545454545454546,
  "ctx_recall": 0.20241691842900303,
  "nohall": 0.5,
  "storyscore": 0.5900009718546334
}