{
  "bertscore": 0.8510516285896301,
  "lexical_recall": 0.2507936507936508,
  "title_cov": 0.0,
  "noloop": 0.9523809523809523,
  "ctx_recall": 0.2507936507936508,
  "nohall": 0.5714285714285714,
  "storyscore": 0.6109484374712384
}