{
  "bertscore": 0.8493067622184753,
  "lexical_recall": 0.23208191126279865,
  "title_cov": 0.0,
  "noloop": 0.9473684210526316,
  "ctx_recall": 0.23208191126279865,
  "nohall": 0.5833333333333333,
  "storyscore": 0.6024168218362046
}