{
  "bertscore": 0.8352375030517578,
  "lexical_recall": 0.19047619047619047,
  "title_cov": 0.0,
  "noloop": 0.9555555555555556,
  "ctx_recall": 0.19047619047619047,
  "nohall": 0.16666666666666663,
  "storyscore": 0.5773329780215308
}