{
  "bertscore": 0.8409150838851929,
  "lexical_recall": 0.1916376306620209,
  "title_cov": 0.0,
  "noloop": 0.9534883720930233,
  "ctx_recall": 0.1916376306620209,
  "nohall": 0.2857142857142857,
  "storyscore": 0.5812041025959241
}