{
  "bertscore": 0.8687971353530883,
  "lexical_recall": 0.2880491862416463,
  "title_cov": 0.0,
  "noloop": 0.9570449172576833,
  "ctx_recall": 0.2880491862416463,
  "nohall": 0.5349999999999999,
  "storyscore": 0.6364979557085115
}