{
  "bertscore": 0.8644265532493591,
  "lexical_recall": 0.28620689655172415,
  "title_cov": 0.0,
  "noloop": 0.9555555555555556,
  "ctx_recall": 0.28620689655172415,
  "nohall": 0.625,
  "storyscore": 0.6331386905703051
}