{
  "bertscore": 0.8386068701744079,
  "lexical_recall": 0.19961982059791492,
  "title_cov": 0.0,
  "noloop": 0.9641191229464361,
  "ctx_recall": 0.19961982059791492,
  "nohall": 0.195021645021645,
  "storyscore": 0.5830120503438108
}