{
  "bertscore": 0.8679806590080261,
  "lexical_recall": 0.2721518987341772,
  "title_cov": 0.0,
  "noloop": 0.9583333333333334,
  "ctx_recall": 0.2721518987341772,
  "nohall": 0.75,
  "storyscore": 0.6296491548984866
}