{
  "bertscore": 0.8375995755195618,
  "lexical_recall": 0.1774193548387097,
  "title_cov": 0.0,
  "noloop": 0.9555555555555556,
  "ctx_recall": 0.1774193548387097,
  "nohall": 0.0,
  "storyscore": 0.5735274872472209
}