{
  "bertscore": 0.8729214668273926,
  "lexical_recall": 0.2912621359223301,
  "title_cov": 0.0,
  "noloop": 0.9574468085106383,
  "ctx_recall": 0.2912621359223301,
  "nohall": 0.4,
  "storyscore": 0.6402577344653675
}