{
  "bertscore": 0.8306353092193604,
  "lexical_recall": 0.18421052631578946,
  "title_cov": 0.0,
  "noloop": 0.9787234042553191,
  "ctx_recall": 0.18421052631578946,
  "nohall": 0.25,
  "storyscore": 0.5720653960579319
}