{
  "bertscore": 0.848646879196167,
  "lexical_recall": 0.25435540069686413,
  "title_cov": 0.0,
  "noloop": 0.9772727272727273,
  "ctx_recall": 0.25435540069686413,
  "nohall": 0.2727272727272727,
  "storyscore": 0.6109302877964458
}