{
  "bertscore": 0.8370590209960938,
  "lexical_recall": 0.07323943661971831,
  "title_cov": 0.0,
  "noloop": 0.9565217391304348,
  "ctx_recall": 0.07323943661971831,
  "nohall": 0.2727272727272727,
  "storyscore": 0.5315311872455436
}