{
  "bertscore": 0.8464708924293518,
  "lexical_recall": 0.08823529411764706,
  "title_cov": 0.0,
  "noloop": 0.9772727272727273,
  "ctx_recall": 0.08823529411764706,
  "nohall": 0.375,
  "storyscore": 0.5431766531046699
}