{
  "bertscore": 0.8418885469436646,
  "lexical_recall": 0.0670391061452514,
  "title_cov": 0.0,
  "noloop": 0.9583333333333334,
  "ctx_recall": 0.0670391061452514,
  "nohall": 0.18181818181818177,
  "storyscore": 0.5319487706242992
}