{
  "bertscore": 0.8423826098442078,
  "lexical_recall": 0.07580174927113703,
  "title_cov": 0.0,
  "noloop": 0.9782608695652174,
  "ctx_recall": 0.07580174927113703,
  "nohall": 0.30000000000000004,
  "storyscore": 0.5357502656149795
}