{
  "bertscore": 0.8413056612014771,
  "lexical_recall": 0.07975218545782434,
  "title_cov": 0.0,
  "noloop": 0.9673738630765932,
  "ctx_recall": 0.07975218545782434,
  "nohall": 0.39,
  "storyscore": 0.536684270904016
}