{
  "bertscore": 0.838516116142273,
  "lexical_recall": 0.08206686930091185,
  "title_cov": 0.0,
  "noloop": 0.9534883720930233,
  "ctx_recall": 0.08206686930091185,
  "nohall": 0.6,
  "storyscore": 0.5359364174057285
}