{
  "bertscore": 0.8419474601745606,
  "lexical_recall": 0.08040848398269244,
  "title_cov": 0.0,
  "noloop": 0.9573352652809506,
  "ctx_recall": 0.08040848398269244,
  "nohall": 0.2428571428571428,
  "storyscore": 0.5373318696978133
}