{
  "bertscore": 0.8490838408470154,
  "lexical_recall": 0.10059171597633136,
  "title_cov": 0.0,
  "noloop": 0.9347826086956522,
  "ctx_recall": 0.10059171597633136,
  "nohall": 0.36363636363636365,
  "storyscore": 0.5496869908987417
}