{
  "bertscore": 0.8388638496398926,
  "lexical_recall": 0.07278481012658228,
  "title_cov": 0.0,
  "noloop": 0.9534883720930233,
  "ctx_recall": 0.07278481012658228,
  "nohall": 0.375,
  "storyscore": 0.5324322338345685
}