{
  "bertscore": 0.8387348651885986,
  "lexical_recall": 0.06593406593406594,
  "title_cov": 0.0,
  "noloop": 0.9795918367346939,
  "ctx_recall": 0.06593406593406594,
  "nohall": 0.2142857142857143,
  "storyscore": 0.5296145454867855
}