{
  "bertscore": 0.8402948379516602,
  "lexical_recall": 0.07987220447284345,
  "title_cov": 0.0,
  "noloop": 0.9743589743589743,
  "ctx_recall": 0.07987220447284345,
  "nohall": 0.30000000000000004,
  "storyscore": 0.5361257845601334
}