{
  "bertscore": 0.8429710268974304,
  "lexical_recall": 0.09523809523809523,
  "title_cov": 0.0,
  "noloop": 0.9574468085106383,
  "ctx_recall": 0.09523809523809523,
  "nohall": 0.18181818181818177,
  "storyscore": 0.5438778542336963
}