{
  "bertscore": 0.8307235836982727,
  "lexical_recall": 0.13,
  "title_cov": 0.0,
  "noloop": 0.9743589743589743,
  "ctx_recall": 0.13,
  "nohall": 0.0,
  "storyscore": 0.5504341502189636
}