{
  "bertscore": 0.8287131786346436,
  "lexical_recall": 0.13758389261744966,
  "title_cov": 0.0,
  "noloop": 0.9512195121951219,
  "ctx_recall": 0.13758389261744966,
  "nohall": 0.0,
  "storyscore": 0.552261464227766
}