{
  "bertscore": 0.8347775340080261,
  "lexical_recall": 0.14102564102564102,
  "title_cov": 0.0,
  "noloop": 0.9555555555555556,
  "ctx_recall": 0.14102564102564102,
  "nohall": 0.0,
  "storyscore": 0.557276776815072
}