{
  "bertscore": 0.8313006520271301,
  "lexical_recall": 0.12813939254475054,
  "title_cov": 0.0,
  "noloop": 0.9602387372205371,
  "ctx_recall": 0.12813939254475054,
  "nohall": 0.0,
  "storyscore": 0.5500361482341781
}