{
  "bertscore": 0.8298944234848022,
  "lexical_recall": 0.11976047904191617,
  "title_cov": 0.0,
  "noloop": 0.9583333333333334,
  "ctx_recall": 0.11976047904191617,
  "nohall": 0.0,
  "storyscore": 0.5458408457076478
}