{
  "bertscore": 0.8305408358573914,
  "lexical_recall": 0.15181518151815182,
  "title_cov": 0.0,
  "noloop": 0.9512195121951219,
  "ctx_recall": 0.15181518151815182,
  "nohall": 0.0,
  "storyscore": 0.5590505741216956
}