{
  "bertscore": 0.8264945864677429,
  "lexical_recall": 0.13558436028166576,
  "title_cov": 0.0,
  "noloop": 0.9612903356805796,
  "ctx_recall": 0.13558436028166576,
  "nohall": 0.0,
  "storyscore": 0.5501304959933121
}