{
  "bertscore": 0.8275080919265747,
  "lexical_recall": 0.12738853503184713,
  "title_cov": 0.0,
  "noloop": 0.9534883720930233,
  "ctx_recall": 0.12738853503184713,
  "nohall": 0.0,
  "storyscore": 0.5474602691686836
}