{
  "bertscore": 0.8342077136039734,
  "lexical_recall": 0.1282798833819242,
  "title_cov": 0.0,
  "noloop": 0.9782608695652174,
  "ctx_recall": 0.1282798833819242,
  "nohall": 0.0,
  "storyscore": 0.5518365815151537
}