{
  "bertscore": 0.8301154971122742,
  "lexical_recall": 0.12424242424242424,
  "title_cov": 0.0,
  "noloop": 0.9555555555555556,
  "ctx_recall": 0.12424242424242424,
  "nohall": 0.0,
  "storyscore": 0.5477662679643341
}