{
  "bertscore": 0.8257677555084229,
  "lexical_recall": 0.12727272727272726,
  "title_cov": 0.0,
  "noloop": 0.9772727272727273,
  "ctx_recall": 0.12727272727272726,
  "nohall": 0.0,
  "storyscore": 0.5463697442141446
}