{
  "bertscore": 0.8380744457244873,
  "lexical_recall": 0.1558048638953429,
  "title_cov": 0.0,
  "noloop": 0.9678596597201249,
  "ctx_recall": 0.1558048638953429,
  "nohall": 0.20717948717948714,
  "storyscore": 0.5651666129928294
}