{
  "bertscore": 0.8298534750938416,
  "lexical_recall": 0.11538461538461539,
  "title_cov": 0.0,
  "noloop": 0.9512195121951219,
  "ctx_recall": 0.11538461538461539,
  "nohall": 0.23076923076923073,
  "storyscore": 0.544065931210151
}