{
  "bertscore": 0.8300622701644897,
  "lexical_recall": 0.10526315789473684,
  "title_cov": 0.0,
  "noloop": 0.9545454545454546,
  "ctx_recall": 0.10526315789473684,
  "nohall": 0.16666666666666663,
  "storyscore": 0.5401426252565885
}