{
  "bertscore": 0.8361510038375854,
  "lexical_recall": 0.1671388101983003,
  "title_cov": 0.0,
  "noloop": 0.9545454545454546,
  "ctx_recall": 0.1671388101983003,
  "nohall": 0.3076923076923077,
  "storyscore": 0.5685461263818714
}