{
  "bertscore": 0.8338273763656616,
  "lexical_recall": 0.13411078717201166,
  "title_cov": 0.0,
  "noloop": 0.9545454545454546,
  "ctx_recall": 0.13411078717201166,
  "nohall": 0.06666666666666665,
  "storyscore": 0.5539407406882015
}