{
  "bertscore": 0.8378918766975403,
  "lexical_recall": 0.14367816091954022,
  "title_cov": 0.0,
  "noloop": 0.9772727272727273,
  "ctx_recall": 0.14367816091954022,
  "nohall": 0.23076923076923073,
  "storyscore": 0.5602063903863402
}