{
  "bertscore": 0.8320673823356628,
  "lexical_recall": 0.11380457892369251,
  "title_cov": 0.0,
  "noloop": 0.9547022016149315,
  "ctx_recall": 0.11380457892369251,
  "nohall": 0.17567765567765564,
  "storyscore": 0.5447622609708745
}