{
  "bertscore": 0.842703104019165,
  "lexical_recall": 0.1804733727810651,
  "title_cov": 0.0,
  "noloop": 0.9761904761904762,
  "ctx_recall": 0.1804733727810651,
  "nohall": 0.23076923076923073,
  "storyscore": 0.577811211523925
}