{
  "bertscore": 0.8397988677024841,
  "lexical_recall": 0.1536231884057971,
  "title_cov": 0.0,
  "noloop": 0.9767441860465116,
  "ctx_recall": 0.1536231884057971,
  "nohall": 0.19999999999999996,
  "storyscore": 0.5653285959838092
}