{
  "bertscore": 0.830484926700592,
  "lexical_recall": 0.1111111111111111,
  "title_cov": 0.0,
  "noloop": 0.9318181818181819,
  "ctx_recall": 0.1111111111111111,
  "nohall": 0.2142857142857143,
  "storyscore": 0.5427354004647996
}