{
  "bertscore": 0.8335827589035034,
  "lexical_recall": 0.10803324099722991,
  "title_cov": 0.0,
  "noloop": 0.9591836734693877,
  "ctx_recall": 0.10803324099722991,
  "nohall": 0.16666666666666663,
  "storyscore": 0.5433629517409939
}