{
  "bertscore": 0.8363534808158875,
  "lexical_recall": 0.12923076923076923,
  "title_cov": 0.0,
  "noloop": 0.9767441860465116,
  "ctx_recall": 0.12923076923076923,
  "nohall": 0.09999999999999998,
  "storyscore": 0.5535043961818401
}