{
  "bertscore": 0.8271391987800598,
  "lexical_recall": 0.09821428571428571,
  "title_cov": 0.0,
  "noloop": 0.9555555555555556,
  "ctx_recall": 0.09821428571428571,
  "nohall": 0.08333333333333337,
  "storyscore": 0.5355692335537502
}