{
  "bertscore": 0.8290809392929077,
  "lexical_recall": 0.10065707120485916,
  "title_cov": 0.0,
  "noloop": 0.9544666100792627,
  "ctx_recall": 0.10065707120485916,
  "nohall": 0.10207070707070709,
  "storyscore": 0.5377113920576883
}