{
  "bertscore": 0.8303624987602234,
  "lexical_recall": 0.10963455149501661,
  "title_cov": 0.0,
  "noloop": 0.975609756097561,
  "ctx_recall": 0.10963455149501661,
  "nohall": 0.11111111111111116,
  "storyscore": 0.5420713198541407
}