{
  "bertscore": 0.8268089890480042,
  "lexical_recall": 0.08852459016393442,
  "title_cov": 0.0,
  "noloop": 0.9302325581395349,
  "ctx_recall": 0.08852459016393442,
  "nohall": 0.09999999999999998,
  "storyscore": 0.5314952294943762
}