{
  "bertscore": 0.8326111435890198,
  "lexical_recall": 0.10434782608695652,
  "title_cov": 0.0,
  "noloop": 0.9574468085106383,
  "ctx_recall": 0.10434782608695652,
  "nohall": 0.09090909090909094,
  "storyscore": 0.5413058165881944
}