{
  "bertscore": 0.8298490047454834,
  "lexical_recall": 0.09855072463768116,
  "title_cov": 0.0,
  "noloop": 0.9574468085106383,
  "ctx_recall": 0.09855072463768116,
  "nohall": 0.09999999999999998,
  "storyscore": 0.5373296927023625
}