{
  "bertscore": 0.8271220922470093,
  "lexical_recall": 0.09785932721712538,
  "title_cov": 0.0,
  "noloop": 0.9545454545454546,
  "ctx_recall": 0.09785932721712538,
  "nohall": 0.09090909090909094,
  "storyscore": 0.5354169862350557
}