{
  "bertscore": 0.8284828662872314,
  "lexical_recall": 0.10256410256410256,
  "title_cov": 0.0,
  "noloop": 0.9534883720930233,
  "ctx_recall": 0.10256410256410256,
  "nohall": 0.125,
  "storyscore": 0.5381153607979798
}