{
  "bertscore": 0.8322852849960327,
  "lexical_recall": 0.09742120343839542,
  "title_cov": 0.0,
  "noloop": 0.9791666666666666,
  "ctx_recall": 0.09742120343839542,
  "nohall": 0.1428571428571429,
  "storyscore": 0.5383396523729778
}