{
  "bertscore": 0.828692352771759,
  "lexical_recall": 0.09805678508601652,
  "title_cov": 0.0,
  "noloop": 0.9660950338077997,
  "ctx_recall": 0.09805678508601652,
  "nohall": 0.10493506493506495,
  "storyscore": 0.5364381256974621
}