{
  "bertscore": 0.8232361078262329,
  "lexical_recall": 0.08241758241758242,
  "title_cov": 0.0,
  "noloop": 0.9615384615384616,
  "ctx_recall": 0.08241758241758242,
  "nohall": 0.09090909090909094,
  "storyscore": 0.5269086976627727
}