{
  "bertscore": 0.8309692740440369,
  "lexical_recall": 0.11403508771929824,
  "title_cov": 0.0,
  "noloop": 0.9777777777777777,
  "ctx_recall": 0.11403508771929824,
  "nohall": 0.09999999999999998,
  "storyscore": 0.5441955995141414
}