{
  "bertscore": 0.8294546008110046,
  "lexical_recall": 0.21952806521450324,
  "title_cov": 0.0,
  "noloop": 0.9535725772935075,
  "ctx_recall": 0.21952806521450324,
  "nohall": 0.4234343434343435,
  "storyscore": 0.585483986572404
}