{
  "bertscore": 0.8252215385437012,
  "lexical_recall": 0.23512747875354106,
  "title_cov": 0.0,
  "noloop": 0.9555555555555556,
  "ctx_recall": 0.23512747875354106,
  "nohall": 0.4,
  "storyscore": 0.5891839146276372
}