{
  "bertscore": 0.8331748247146606,
  "lexical_recall": 0.20699708454810495,
  "title_cov": 0.0,
  "noloop": 0.9555555555555556,
  "ctx_recall": 0.20699708454810495,
  "nohall": 0.2727272727272727,
  "storyscore": 0.5827037286480383
}