{
  "bertscore": 0.8344587683677673,
  "lexical_recall": 0.24916943521594684,
  "title_cov": 0.0,
  "noloop": 0.9473684210526316,
  "ctx_recall": 0.24916943521594684,
  "nohall": 0.33333333333333337,
  "storyscore": 0.6003430351070391
}