{
  "bertscore": 0.8423387408256531,
  "lexical_recall": 0.275,
  "title_cov": 0.0,
  "noloop": 0.9705882352941176,
  "ctx_recall": 0.275,
  "nohall": 0.36363636363636365,
  "storyscore": 0.6154032444953919
}