{
  "bertscore": 0.8222384452819824,
  "lexical_recall": 0.1981981981981982,
  "title_cov": 0.0,
  "noloop": 0.9545454545454546,
  "ctx_recall": 0.1981981981981982,
  "nohall": 0.5,
  "storyscore": 0.5726223464484687
}