{
  "bertscore": 0.8403752446174622,
  "lexical_recall": 0.26755852842809363,
  "title_cov": 0.0,
  "noloop": 0.9487179487179487,
  "ctx_recall": 0.26755852842809363,
  "nohall": 0.5,
  "storyscore": 0.6112485581417147
}