{
  "bertscore": 0.8331175446510315,
  "lexical_recall": 0.24921135646687698,
  "title_cov": 0.0,
  "noloop": 0.9523809523809523,
  "ctx_recall": 0.24921135646687698,
  "nohall": 0.41666666666666663,
  "storyscore": 0.5995550693773697
}