{
  "bertscore": 0.8355472683906555,
  "lexical_recall": 0.26223776223776224,
  "title_cov": 0.0,
  "noloop": 0.9166666666666666,
  "ctx_recall": 0.26223776223776224,
  "nohall": 0.2857142857142857,
  "storyscore": 0.6062234659294982
}