{
  "bertscore": 0.8262629508972168,
  "lexical_recall": 0.1897590361445783,
  "title_cov": 0.0,
  "noloop": 0.9534883720930233,
  "ctx_recall": 0.1897590361445783,
  "nohall": 0.4444444444444444,
  "storyscore": 0.5716613849961614
}