{
  "bertscore": 0.836557412147522,
  "lexical_recall": 0.2609168142323931,
  "title_cov": 0.0,
  "noloop": 0.9462897439677626,
  "ctx_recall": 0.2609168142323931,
  "nohall": 0.32602397602397604,
  "storyscore": 0.6063011729814703
}