{
  "bertscore": 0.8373247385025024,
  "lexical_recall": 0.2689655172413793,
  "title_cov": 0.0,
  "noloop": 0.9444444444444444,
  "ctx_recall": 0.2689655172413793,
  "nohall": 0.23076923076923073,
  "storyscore": 0.6099810499980531
}