{
  "bertscore": 0.8501110672950745,
  "lexical_recall": 0.2840466926070039,
  "title_cov": 0.0,
  "noloop": 0.9428571428571428,
  "ctx_recall": 0.2840466926070039,
  "nohall": 0.2666666666666667,
  "storyscore": 0.6236853174198462
}