{
  "bertscore": 0.8491085171699524,
  "lexical_recall": 0.22188449848024316,
  "title_cov": 0.0,
  "noloop": 0.9555555555555556,
  "ctx_recall": 0.22188449848024316,
  "nohall": 0.4117647058823529,
  "storyscore": 0.5982189096940687
}