{
  "bertscore": 0.8532244563102722,
  "lexical_recall": 0.22527472527472528,
  "title_cov": 0.0,
  "noloop": 0.9583333333333334,
  "ctx_recall": 0.22527472527472528,
  "nohall": 0.6,
  "storyscore": 0.6020445638960534
}