{
  "bertscore": 0.8486616015434265,
  "lexical_recall": 0.2401129943502825,
  "title_cov": 0.0,
  "noloop": 0.9583333333333334,
  "ctx_recall": 0.2401129943502825,
  "nohall": 0.6,
  "storyscore": 0.6052421586661689
}