{
  "bertscore": 0.8553031086921692,
  "lexical_recall": 0.25443786982248523,
  "title_cov": 0.0,
  "noloop": 0.9772727272727273,
  "ctx_recall": 0.25443786982248523,
  "nohall": 0.6,
  "storyscore": 0.6149570131442956
}