{
  "bertscore": 0.8514729738235474,
  "lexical_recall": 0.23646723646723647,
  "title_cov": 0.0,
  "noloop": 0.9583333333333334,
  "ctx_recall": 0.23646723646723647,
  "nohall": 0.5833333333333333,
  "storyscore": 0.605470678881023
}