{
  "bertscore": 0.8390184044837952,
  "lexical_recall": 0.2326283987915408,
  "title_cov": 0.0,
  "noloop": 0.9555555555555556,
  "ctx_recall": 0.2326283987915408,
  "nohall": 0.4,
  "storyscore": 0.5964624022068934
}