{
  "bertscore": 0.8565899133682251,
  "lexical_recall": 0.22981366459627328,
  "title_cov": 0.0,
  "noloop": 0.926829268292683,
  "ctx_recall": 0.22981366459627328,
  "nohall": 0.5,
  "storyscore": 0.6058794138594444
}