{
  "bertscore": 0.8508333683013916,
  "lexical_recall": 0.2338487339036285,
  "title_cov": 0.0,
  "noloop": 0.962458193979933,
  "ctx_recall": 0.2338487339036285,
  "nohall": 0.51,
  "storyscore": 0.6040395145422863
}