{
  "bertscore": 0.8525000810623169,
  "lexical_recall": 0.22254335260115607,
  "title_cov": 0.0,
  "noloop": 0.9565217391304348,
  "ctx_recall": 0.22254335260115607,
  "nohall": 0.41666666666666663,
  "storyscore": 0.6005173896778525
}