{
  "bertscore": 0.8500262022018432,
  "lexical_recall": 0.24456222485950924,
  "title_cov": 0.0,
  "noloop": 0.9516140499067329,
  "ctx_recall": 0.24456222485950924,
  "nohall": 0.4356862745098039,
  "storyscore": 0.6078406112649096
}