{
  "bertscore": 0.848307728767395,
  "lexical_recall": 0.24484536082474226,
  "title_cov": 0.0,
  "noloop": 0.9807692307692307,
  "ctx_recall": 0.24484536082474226,
  "nohall": 0.35,
  "storyscore": 0.6069227815903339
}