{
  "bertscore": 0.8611802458763123,
  "lexical_recall": 0.2897727272727273,
  "title_cov": 0.0,
  "noloop": 0.96,
  "ctx_recall": 0.2897727272727273,
  "nohall": 0.1428571428571429,
  "storyscore": 0.6326172384348783
}