{
  "bertscore": 0.8410826325416565,
  "lexical_recall": 0.22429906542056074,
  "title_cov": 0.0,
  "noloop": 0.9375,
  "ctx_recall": 0.22429906542056074,
  "nohall": 0.07692307692307687,
  "storyscore": 0.5943692056932182
}