{
  "bertscore": 0.847238302230835,
  "lexical_recall": 0.24024024024024024,
  "title_cov": 0.0,
  "noloop": 0.9375,
  "ctx_recall": 0.24024024024024024,
  "nohall": 0.0714285714285714,
  "storyscore": 0.6044390774345971
}