{
  "bertscore": 0.857183575630188,
  "lexical_recall": 0.2727272727272727,
  "title_cov": 0.0,
  "noloop": 0.96,
  "ctx_recall": 0.2727272727272727,
  "nohall": 0.11111111111111116,
  "storyscore": 0.6234010544690219
}