{
  "bertscore": 0.8403505682945251,
  "lexical_recall": 0.20987654320987653,
  "title_cov": 0.0,
  "noloop": 0.9375,
  "ctx_recall": 0.20987654320987653,
  "nohall": 0.09999999999999998,
  "storyscore": 0.5881609582606656
}