{
  "bertscore": 0.8661013245582581,
  "lexical_recall": 0.3031161473087819,
  "title_cov": 0.0,
  "noloop": 0.9795918367346939,
  "ctx_recall": 0.3031161473087819,
  "nohall": 0.25,
  "storyscore": 0.6409072536584677
}