{
  "bertscore": 0.851131021976471,
  "lexical_recall": 0.313915857605178,
  "title_cov": 0.0,
  "noloop": 0.9767441860465116,
  "ctx_recall": 0.313915857605178,
  "nohall": 0.09999999999999998,
  "storyscore": 0.6362449562279537
}