{
  "bertscore": 0.858546781539917,
  "lexical_recall": 0.29259429907196394,
  "title_cov": 0.0,
  "noloop": 0.9659648789748457,
  "ctx_recall": 0.29259429907196394,
  "nohall": 0.1607936507936508,
  "storyscore": 0.6321657885527359
}