{
  "bertscore": 0.8429679870605469,
  "lexical_recall": 0.2062146892655367,
  "title_cov": 0.0,
  "noloop": 0.9615384615384616,
  "ctx_recall": 0.2062146892655367,
  "nohall": 0.0625,
  "storyscore": 0.5882666679425428
}