{
  "bertscore": 0.8406701683998108,
  "lexical_recall": 0.237012987012987,
  "title_cov": 0.0,
  "noloop": 0.9347826086956522,
  "ctx_recall": 0.237012987012987,
  "nohall": 0.0,
  "storyscore": 0.5992072958450813
}