{
  "bertscore": 0.8424619317054749,
  "lexical_recall": 0.2235287050298403,
  "title_cov": 0.0,
  "noloop": 0.9417642140468228,
  "ctx_recall": 0.2235287050298403,
  "nohall": 0.06217032967032965,
  "storyscore": 0.594888641035221
}