{
  "bertscore": 0.8571377396583557,
  "lexical_recall": 0.28343949044585987,
  "title_cov": 0.0,
  "noloop": 0.9534883720930233,
  "ctx_recall": 0.28343949044585987,
  "nohall": 0.19999999999999996,
  "storyscore": 0.6276584399733574
}