{
  "bertscore": 0.8414444923400879,
  "lexical_recall": 0.2822822822822823,
  "title_cov": 0.0,
  "noloop": 0.9591836734693877,
  "ctx_recall": 0.2822822822822823,
  "nohall": 0.19999999999999996,
  "storyscore": 0.6177796083169657
}