{
  "bertscore": 0.8540951609611511,
  "lexical_recall": 0.3003194888178914,
  "title_cov": 0.0,
  "noloop": 0.9565217391304348,
  "ctx_recall": 0.3003194888178914,
  "nohall": 0.25,
  "storyscore": 0.6325848921038473
}