{
  "bertscore": 0.8497540354728699,
  "lexical_recall": 0.3313782991202346,
  "title_cov": 0.0,
  "noloop": 0.9574468085106383,
  "ctx_recall": 0.3313782991202346,
  "nohall": 0.2857142857142857,
  "storyscore": 0.6424037409318157
}