{
  "bertscore": 0.8525487184524536,
  "lexical_recall": 0.31629392971246006,
  "title_cov": 0.0,
  "noloop": 0.9761904761904762,
  "ctx_recall": 0.31629392971246006,
  "nohall": 0.33333333333333337,
  "storyscore": 0.6380468029564562
}