{
  "bertscore": 0.8457703590393066,
  "lexical_recall": 0.2848101265822785,
  "title_cov": 0.0,
  "noloop": 0.9565217391304348,
  "ctx_recall": 0.2848101265822785,
  "nohall": 0.2857142857142857,
  "storyscore": 0.6213862660564954
}