{
  "bertscore": 0.8519952893257141,
  "lexical_recall": 0.2949061662198391,
  "title_cov": 0.0,
  "noloop": 0.96,
  "ctx_recall": 0.2949061662198391,
  "nohall": 0.2857142857142857,
  "storyscore": 0.6291596400833641
}