{
  "bertscore": 0.8429896831512451,
  "lexical_recall": 0.3028391167192429,
  "title_cov": 0.0,
  "noloop": 0.9782608695652174,
  "ctx_recall": 0.3028391167192429,
  "nohall": 0.09999999999999998,
  "storyscore": 0.6269294565784442
}