{
  "bertscore": 0.8545273542404175,
  "lexical_recall": 0.33933933933933935,
  "title_cov": 0.0,
  "noloop": 0.9565217391304348,
  "ctx_recall": 0.33933933933933935,
  "nohall": 0.3125,
  "storyscore": 0.6484521482799862
}