{
  "bertscore": 0.8471727728843689,
  "lexical_recall": 0.29517779931950816,
  "title_cov": 0.0,
  "noloop": 0.966097604259095,
  "ctx_recall": 0.29517779931950816,
  "nohall": 0.21714285714285714,
  "storyscore": 0.6263747834584247
}