{
  "bertscore": 0.8516162037849426,
  "lexical_recall": 0.32305021354504126,
  "title_cov": 0.0,
  "noloop": 0.961142915877421,
  "ctx_recall": 0.32305021354504126,
  "nohall": 0.3101190476190476,
  "storyscore": 0.640189807688982
}