{
  "bertscore": 0.8492556214332581,
  "lexical_recall": 0.3333333333333333,
  "title_cov": 0.0,
  "noloop": 0.9555555555555556,
  "ctx_recall": 0.3333333333333333,
  "nohall": 0.33333333333333337,
  "storyscore": 0.6428867061932881
}