{
  "bertscore": 0.8251155614852905,
  "lexical_recall": 0.1544943820224719,
  "title_cov": 0.0,
  "noloop": 0.9591836734693877,
  "ctx_recall": 0.1544943820224719,
  "nohall": 0.2777777777777778,
  "storyscore": 0.5568670897001631
}