{
  "bertscore": 0.8269389867782593,
  "lexical_recall": 0.1580246913580247,
  "title_cov": 0.0,
  "noloop": 0.962962962962963,
  "ctx_recall": 0.1580246913580247,
  "nohall": 0.2272727272727273,
  "storyscore": 0.5593732686101655
}