{
  "bertscore": 0.8351920247077942,
  "lexical_recall": 0.17079889807162535,
  "title_cov": 0.0,
  "noloop": 0.9782608695652174,
  "ctx_recall": 0.17079889807162535,
  "nohall": 0.3571428571428571,
  "storyscore": 0.5694347740533267
}