{
  "bertscore": 0.8248439431190491,
  "lexical_recall": 0.15613738450925177,
  "title_cov": 0.0,
  "noloop": 0.965818216175359,
  "ctx_recall": 0.15613738450925177,
  "nohall": 0.2280861244019139,
  "storyscore": 0.5573613196751301
}