{
  "bertscore": 0.822342574596405,
  "lexical_recall": 0.17763157894736842,
  "title_cov": 0.0,
  "noloop": 0.95,
  "ctx_recall": 0.17763157894736842,
  "nohall": 0.15000000000000002,
  "storyscore": 0.5644581763367904
}