{
  "bertscore": 0.828799307346344,
  "lexical_recall": 0.16119402985074627,
  "title_cov": 0.0,
  "noloop": 0.9565217391304348,
  "ctx_recall": 0.16119402985074627,
  "nohall": 0.5,
  "storyscore": 0.561757196348105
}