{
  "bertscore": 0.8166555166244507,
  "lexical_recall": 0.14555256064690028,
  "title_cov": 0.0,
  "noloop": 0.9795918367346939,
  "ctx_recall": 0.14555256064690028,
  "nohall": 0.2727272727272727,
  "storyscore": 0.5482143342334305
}