{
  "bertscore": 0.8281064033508301,
  "lexical_recall": 0.16857142857142857,
  "title_cov": 0.0,
  "noloop": 0.9777777777777777,
  "ctx_recall": 0.16857142857142857,
  "nohall": 0.3076923076923077,
  "storyscore": 0.5642924134390694
}