{
  "bertscore": 0.824691653251648,
  "lexical_recall": 0.15126050420168066,
  "title_cov": 0.0,
  "noloop": 0.9777777777777777,
  "ctx_recall": 0.15126050420168066,
  "nohall": 0.26315789473684215,
  "storyscore": 0.555319193631661
}