{
  "bertscore": 0.8269758582115173,
  "lexical_recall": 0.16264956727215124,
  "title_cov": 0.0,
  "noloop": 0.9740826185546683,
  "ctx_recall": 0.16264956727215124,
  "nohall": 0.36023976023976023,
  "storyscore": 0.5612453418357709
}