{
  "bertscore": 0.8261260390281677,
  "lexical_recall": 0.1671309192200557,
  "title_cov": 0.0,
  "noloop": 0.9782608695652174,
  "ctx_recall": 0.1671309192200557,
  "nohall": 0.36363636363636365,
  "storyscore": 0.5625279911049229
}