{
  "bertscore": 0.8251309394836426,
  "lexical_recall": 0.1392757660167131,
  "title_cov": 0.0,
  "noloop": 0.9791666666666666,
  "ctx_recall": 0.1392757660167131,
  "nohall": 0.2222222222222222,
  "storyscore": 0.5507888700968708
}