{
  "bertscore": 0.8324532508850098,
  "lexical_recall": 0.1437125748502994,
  "title_cov": 0.0,
  "noloop": 0.9523809523809523,
  "ctx_recall": 0.1437125748502994,
  "nohall": 0.0,
  "storyscore": 0.5569569804711256
}