{
  "bertscore": 0.8394730687141418,
  "lexical_recall": 0.16149068322981366,
  "title_cov": 0.0,
  "noloop": 0.9545454545454546,
  "ctx_recall": 0.16149068322981366,
  "nohall": 0.0,
  "storyscore": 0.5682801145204106
}