{
  "bertscore": 0.8440166711807251,
  "lexical_recall": 0.17704918032786884,
  "title_cov": 0.0,
  "noloop": 0.975,
  "ctx_recall": 0.17704918032786884,
  "nohall": 0.19999999999999996,
  "storyscore": 0.5772296748395827
}