{
  "bertscore": 0.8452739119529724,
  "lexical_recall": 0.16716417910447762,
  "title_cov": 0.0,
  "noloop": 0.9565217391304348,
  "ctx_recall": 0.16716417910447762,
  "nohall": 0.16666666666666663,
  "storyscore": 0.5740300188135744
}