{
  "bertscore": 0.8449794054031372,
  "lexical_recall": 0.16819571865443425,
  "title_cov": 0.0,
  "noloop": 0.9555555555555556,
  "ctx_recall": 0.16819571865443425,
  "nohall": 0.5,
  "storyscore": 0.574265930703656
}