{
  "bertscore": 0.8449283957481384,
  "lexical_recall": 0.1688314806639869,
  "title_cov": 0.0,
  "noloop": 0.9601932367149759,
  "ctx_recall": 0.1688314806639869,
  "nohall": 0.1983333333333333,
  "storyscore": 0.5744896297144778
}