{
  "bertscore": 0.8478482961654663,
  "lexical_recall": 0.17522658610271905,
  "title_cov": 0.0,
  "noloop": 0.9555555555555556,
  "ctx_recall": 0.17522658610271905,
  "nohall": 0.125,
  "storyscore": 0.5787996121403675
}