{
  "bertscore": 0.8408418297767639,
  "lexical_recall": 0.15339233038348082,
  "title_cov": 0.0,
  "noloop": 0.9534883720930233,
  "ctx_recall": 0.15339233038348082,
  "nohall": 0.0,
  "storyscore": 0.5658620300194507
}