{
  "bertscore": 0.8419381380081177,
  "lexical_recall": 0.1529051987767584,
  "title_cov": 0.0,
  "noloop": 0.975609756097561,
  "ctx_recall": 0.1529051987767584,
  "nohall": 0.25,
  "storyscore": 0.5663249623155739
}