{
  "bertscore": 0.8425236940383911,
  "lexical_recall": 0.1565217391304348,
  "title_cov": 0.0,
  "noloop": 0.9583333333333334,
  "ctx_recall": 0.1565217391304348,
  "nohall": 0.0,
  "storyscore": 0.5681229120752085
}