{
  "bertscore": 0.8401349306106567,
  "lexical_recall": 0.15794372180450608,
  "title_cov": 0.0,
  "noloop": 0.9622049070233981,
  "ctx_recall": 0.15794372180450608,
  "nohall": 0.1,
  "storyscore": 0.5672584470881965
}