{
  "bertscore": 0.8331376314163208,
  "lexical_recall": 0.13636363636363635,
  "title_cov": 0.0,
  "noloop": 0.9473684210526316,
  "ctx_recall": 0.13636363636363635,
  "nohall": 0.0,
  "storyscore": 0.554428033395247
}