{
  "bertscore": 0.837147843837738,
  "lexical_recall": 0.13239264294679504,
  "title_cov": 0.0,
  "noloop": 0.9589340604054076,
  "ctx_recall": 0.13239264294679504,
  "nohall": 0.0,
  "storyscore": 0.5552457634813609
}