{
  "bertscore": 0.8454059958457947,
  "lexical_recall": 0.13897280966767372,
  "title_cov": 0.0,
  "noloop": 0.9555555555555556,
  "ctx_recall": 0.13897280966767372,
  "nohall": 0.0,
  "storyscore": 0.5628327213745463
}