{
  "bertscore": 0.8430617451667786,
  "lexical_recall": 0.1329426030957121,
  "title_cov": 0.0,
  "noloop": 0.961236064797883,
  "ctx_recall": 0.1329426030957121,
  "nohall": 0.0,
  "storyscore": 0.5590140883383519
}