{
  "bertscore": 0.8436984419822693,
  "lexical_recall": 0.12972972972972974,
  "title_cov": 0.0,
  "noloop": 0.96,
  "ctx_recall": 0.12972972972972974,
  "nohall": 0.0,
  "storyscore": 0.5581109570812535
}