{
  "bertscore": 0.836665153503418,
  "lexical_recall": 0.12389380530973451,
  "title_cov": 0.0,
  "noloop": 0.9574468085106383,
  "ctx_recall": 0.12389380530973451,
  "nohall": 0.0,
  "storyscore": 0.5515566142259445
}