{
  "bertscore": 0.8421158194541931,
  "lexical_recall": 0.14124293785310735,
  "title_cov": 0.0,
  "noloop": 0.9777777777777777,
  "ctx_recall": 0.14124293785310735,
  "nohall": 0.0,
  "storyscore": 0.5617666668137589
}