{
  "bertscore": 0.831889808177948,
  "lexical_recall": 0.12806539509536785,
  "title_cov": 0.0,
  "noloop": 0.9574468085106383,
  "ctx_recall": 0.12806539509536785,
  "nohall": 0.0,
  "storyscore": 0.5503600429449159
}