{
  "bertscore": 0.8488724827766418,
  "lexical_recall": 0.13803680981595093,
  "title_cov": 0.0,
  "noloop": 0.9565217391304348,
  "ctx_recall": 0.13803680981595093,
  "nohall": 0.0,
  "storyscore": 0.5645382135923654
}