{
  "bertscore": 0.8443794846534729,
  "lexical_recall": 0.1543026706231454,
  "title_cov": 0.0,
  "noloop": 0.9787234042553191,
  "ctx_recall": 0.1543026706231454,
  "nohall": 0.0,
  "storyscore": 0.5683487590413419
}