{
  "bertscore": 0.8331899642944336,
  "lexical_recall": 0.11731843575418995,
  "title_cov": 0.0,
  "noloop": 0.9565217391304348,
  "ctx_recall": 0.11731843575418995,
  "nohall": 0.0,
  "storyscore": 0.5468413528783361
}