{
  "bertscore": 0.8307613730430603,
  "lexical_recall": 0.20535714285714285,
  "title_cov": 0.0,
  "noloop": 0.9555555555555556,
  "ctx_recall": 0.20535714285714285,
  "nohall": 0.125,
  "storyscore": 0.5805996809686933
}