{
  "bertscore": 0.8305349349975586,
  "lexical_recall": 0.1691842900302115,
  "title_cov": 0.0,
  "noloop": 0.9565217391304348,
  "ctx_recall": 0.1691842900302115,
  "nohall": 0.4,
  "storyscore": 0.5659946770106197
}