{
  "bertscore": 0.8292415618896485,
  "lexical_recall": 0.16986569982880567,
  "title_cov": 0.0,
  "noloop": 0.9567733013649493,
  "ctx_recall": 0.16986569982880567,
  "nohall": 0.49000000000000005,
  "storyscore": 0.5654912170653114
}