{
  "bertscore": 0.8360770344734192,
  "lexical_recall": 0.17891373801916932,
  "title_cov": 0.0,
  "noloop": 0.9523809523809523,
  "ctx_recall": 0.17891373801916932,
  "nohall": 0.5,
  "storyscore": 0.5732117158917193
}