{
  "bertscore": 0.8404357433319092,
  "lexical_recall": 0.24149659863945577,
  "title_cov": 0.0,
  "noloop": 0.972972972972973,
  "ctx_recall": 0.24149659863945577,
  "nohall": 0.4,
  "storyscore": 0.6008600854549278
}