{
  "bertscore": 0.8312442898750305,
  "lexical_recall": 0.16374269005847952,
  "title_cov": 0.0,
  "noloop": 0.9583333333333334,
  "ctx_recall": 0.16374269005847952,
  "nohall": 0.8,
  "storyscore": 0.5642436499484101
}