{
  "bertscore": 0.8231073021888733,
  "lexical_recall": 0.1586021505376344,
  "title_cov": 0.0,
  "noloop": 0.9591836734693877,
  "ctx_recall": 0.1586021505376344,
  "nohall": 0.25,
  "storyscore": 0.5573052415283777
}