{
  "bertscore": 0.8356194496154785,
  "lexical_recall": 0.21646341463414634,
  "title_cov": 0.0,
  "noloop": 0.9767441860465116,
  "ctx_recall": 0.21646341463414634,
  "nohall": 0.125,
  "storyscore": 0.5879570356229455
}