{
  "bertscore": 0.836800217628479,
  "lexical_recall": 0.20710059171597633,
  "title_cov": 0.0,
  "noloop": 0.9782608695652174,
  "ctx_recall": 0.20710059171597633,
  "nohall": 0.4,
  "storyscore": 0.5849203672634778
}