{
  "bertscore": 0.8351276516914368,
  "lexical_recall": 0.21518987341772153,
  "title_cov": 0.0,
  "noloop": 0.9523809523809523,
  "ctx_recall": 0.21518987341772153,
  "nohall": 0.09999999999999998,
  "storyscore": 0.5871525403819506
}