{
  "bertscore": 0.8252442479133606,
  "lexical_recall": 0.17888563049853373,
  "title_cov": 0.0,
  "noloop": 0.9574468085106383,
  "ctx_recall": 0.17888563049853373,
  "nohall": 0.5,
  "storyscore": 0.5667008009474298
}