{
  "bertscore": 0.8357488870620727,
  "lexical_recall": 0.21712152425288855,
  "title_cov": 0.0,
  "noloop": 0.9671829073042421,
  "ctx_recall": 0.21712152425288855,
  "nohall": 0.22999999999999998,
  "storyscore": 0.588297941938399
}