{
  "bertscore": 0.8434017300605774,
  "lexical_recall": 0.1826086956521739,
  "title_cov": 0.0,
  "noloop": 0.9761904761904762,
  "ctx_recall": 0.1826086956521739,
  "nohall": 0.19999999999999996,
  "storyscore": 0.5790845162972159
}