{
  "bertscore": 0.8415262699127197,
  "lexical_recall": 0.15568862275449102,
  "title_cov": 0.0,
  "noloop": 0.9761904761904762,
  "ctx_recall": 0.15568862275449102,
  "nohall": 0.05555555555555558,
  "storyscore": 0.5671912110494282
}