{
  "bertscore": 0.84185391664505,
  "lexical_recall": 0.17699115044247787,
  "title_cov": 0.0,
  "noloop": 0.9767441860465116,
  "ctx_recall": 0.17699115044247787,
  "nohall": 0.10526315789473684,
  "storyscore": 0.5759088101640212
}