{
  "bertscore": 0.841550350189209,
  "lexical_recall": 0.17065868263473055,
  "title_cov": 0.0,
  "noloop": 0.9761904761904762,
  "ctx_recall": 0.17065868263473055,
  "nohall": 0.0714285714285714,
  "storyscore": 0.5731936831674176
}