{
  "bertscore": 0.8434414863586426,
  "lexical_recall": 0.19230769230769232,
  "title_cov": 0.0,
  "noloop": 0.9782608695652174,
  "ctx_recall": 0.19230769230769232,
  "nohall": 0.15384615384615385,
  "storyscore": 0.5829879687382624
}