{
  "bertscore": 0.8440598845481873,
  "lexical_recall": 0.17478510028653296,
  "title_cov": 0.0,
  "noloop": 0.9565217391304348,
  "ctx_recall": 0.17478510028653296,
  "nohall": 0.05555555555555558,
  "storyscore": 0.5763499708435256
}