{
  "bertscore": 0.8383198976516724,
  "lexical_recall": 0.14066496163682865,
  "title_cov": 0.0,
  "noloop": 0.9591836734693877,
  "ctx_recall": 0.14066496163682865,
  "nohall": 0.09999999999999998,
  "storyscore": 0.5592579232457349
}