{
  "bertscore": 0.8430438041687012,
  "lexical_recall": 0.18435754189944134,
  "title_cov": 0.0,
  "noloop": 0.9772727272727273,
  "ctx_recall": 0.18435754189944134,
  "nohall": 0.2857142857142857,
  "storyscore": 0.5795692992609972
}