{
  "bertscore": 0.8434529900550842,
  "lexical_recall": 0.1683930728055674,
  "title_cov": 0.0,
  "noloop": 0.9726849310671353,
  "ctx_recall": 0.1683930728055674,
  "nohall": 0.07756056808688387,
  "storyscore": 0.5734290231552774
}