{
  "bertscore": 0.8366026878356934,
  "lexical_recall": 0.15989159891598917,
  "title_cov": 0.0,
  "noloop": 0.9782608695652174,
  "ctx_recall": 0.15989159891598917,
  "nohall": 0.2857142857142857,
  "storyscore": 0.5659182522678117
}