{
  "bertscore": 0.8482745289802551,
  "lexical_recall": 0.1638418079096045,
  "title_cov": 0.0,
  "noloop": 0.9777777777777777,
  "ctx_recall": 0.1638418079096045,
  "nohall": 0.09999999999999998,
  "storyscore": 0.5745014405519949
}