{
  "bertscore": 0.8409619212150574,
  "lexical_recall": 0.17196609808242508,
  "title_cov": 0.0,
  "noloop": 0.9738337232126053,
  "ctx_recall": 0.17196609808242508,
  "nohall": 0.20505494505494504,
  "storyscore": 0.5733635919620044
}