{
  "bertscore": 0.8394588828086853,
  "lexical_recall": 0.22916666666666666,
  "title_cov": 0.0,
  "noloop": 0.9545454545454546,
  "ctx_recall": 0.22916666666666666,
  "nohall": 0.125,
  "storyscore": 0.5953419963518778
}