{
  "bertscore": 0.8341596126556396,
  "lexical_recall": 0.22128851540616246,
  "title_cov": 0.0,
  "noloop": 0.9574468085106383,
  "ctx_recall": 0.22128851540616246,
  "nohall": 0.25,
  "storyscore": 0.5890111737558488
}