{
  "bertscore": 0.8367767930030823,
  "lexical_recall": 0.22028985507246376,
  "title_cov": 0.0,
  "noloop": 0.9791666666666666,
  "ctx_recall": 0.22028985507246376,
  "nohall": 0.7142857142857143,
  "storyscore": 0.5901820178308349
}