{
  "bertscore": 0.8369516730308533,
  "lexical_recall": 0.2155688622754491,
  "title_cov": 0.0,
  "noloop": 0.9772727272727273,
  "ctx_recall": 0.2155688622754491,
  "nohall": 0.2222222222222222,
  "storyscore": 0.5883985487286916
}