{
  "bertscore": 0.8383361101150513,
  "lexical_recall": 0.23061759956733008,
  "title_cov": 0.0,
  "noloop": 0.9644643109874039,
  "ctx_recall": 0.23061759956733008,
  "nohall": 0.19762626262626265,
  "storyscore": 0.5952487058959628
}