{
  "bertscore": 0.8422836661338806,
  "lexical_recall": 0.23692307692307693,
  "title_cov": 0.0,
  "noloop": 0.9512195121951219,
  "ctx_recall": 0.23692307692307693,
  "nohall": 0.4285714285714286,
  "storyscore": 0.6001394304495591
}