{
  "bertscore": 0.8393570184707642,
  "lexical_recall": 0.2252364582654034,
  "title_cov": 0.0,
  "noloop": 0.9691486643437862,
  "ctx_recall": 0.2252364582654034,
  "nohall": 0.5730158730158731,
  "storyscore": 0.5937087943886199
}