{
  "bertscore": 0.8413556218147278,
  "lexical_recall": 0.2558139534883721,
  "title_cov": 0.0,
  "noloop": 0.9574468085106383,
  "ctx_recall": 0.2558139534883721,
  "nohall": 0.30000000000000004,
  "storyscore": 0.6071389544841855
}