{
  "bertscore": 0.8397547602653503,
  "lexical_recall": 0.23125,
  "title_cov": 0.0,
  "noloop": 0.975609756097561,
  "ctx_recall": 0.23125,
  "nohall": 0.09090909090909094,
  "storyscore": 0.5963528561592102
}