{
  "bertscore": 0.8420557379722595,
  "lexical_recall": 0.22284122562674094,
  "title_cov": 0.0,
  "noloop": 0.9791666666666666,
  "ctx_recall": 0.22284122562674094,
  "nohall": 0.5555555555555556,
  "storyscore": 0.5943699330340521
}