{
  "bertscore": 0.8003143072128296,
  "lexical_recall": 0.040229885057471264,
  "title_cov": 0.0,
  "noloop": 0.9545454545454546,
  "ctx_recall": 0.040229885057471264,
  "nohall": 0.0,
  "storyscore": 0.49628053835068625
}