{
  "bertscore": 0.8033163547515869,
  "lexical_recall": 0.04180064308681672,
  "title_cov": 0.0,
  "noloop": 0.8809523809523809,
  "ctx_recall": 0.04180064308681672,
  "nohall": 0.0,
  "storyscore": 0.4987100700856788
}