{
  "bertscore": 0.7973437309265137,
  "lexical_recall": 0.04143646408839779,
  "title_cov": 0.0,
  "noloop": 0.9583333333333334,
  "ctx_recall": 0.04143646408839779,
  "nohall": 0.0,
  "storyscore": 0.4949808241912673
}