{
  "bertscore": 0.7987199425697327,
  "lexical_recall": 0.04424778761061947,
  "title_cov": 0.0,
  "noloop": 0.9545454545454546,
  "ctx_recall": 0.04424778761061947,
  "nohall": 0.0,
  "storyscore": 0.49693108058608737
}