{
  "bertscore": 0.8041733264923095,
  "lexical_recall": 0.0453311747933923,
  "title_cov": 0.0,
  "noloop": 0.9025858250276855,
  "ctx_recall": 0.0453311747933923,
  "nohall": 0.0,
  "storyscore": 0.5006364658127426
}