{
  "bertscore": 0.7972181797027588,
  "lexical_recall": 0.04237521155135454,
  "title_cov": 0.0,
  "noloop": 0.9496753246753247,
  "ctx_recall": 0.04237521155135454,
  "nohall": 0.0,
  "storyscore": 0.49528099244219703
}