{
  "bertscore": 0.8076447248458862,
  "lexical_recall": 0.045871559633027525,
  "title_cov": 0.0,
  "noloop": 0.9069767441860466,
  "ctx_recall": 0.045871559633027525,
  "nohall": 0.0,
  "storyscore": 0.5029354587607427
}