{
  "bertscore": 0.7943969368934631,
  "lexical_recall": 0.042483660130718956,
  "title_cov": 0.0,
  "noloop": 0.9047619047619048,
  "ctx_recall": 0.042483660130718956,
  "nohall": 0.0,
  "storyscore": 0.4936316261883654
}