{
  "bertscore": 0.7953159809112549,
  "lexical_recall": 0.043478260869565216,
  "title_cov": 0.0,
  "noloop": 0.9761904761904762,
  "ctx_recall": 0.043478260869565216,
  "nohall": 0.0,
  "storyscore": 0.494580892894579
}