{
  "n_runs_per_event": 5,
  "n_events": 20,
  "per_event": {
    "amalia_rodrigues": {
      "event_driven": {
        "bertscore": 0.8220924258232116,
        "lexical_recall": 0.04924951751416627,
        "title_cov": 0.0,
        "noloop": 0.8751627051499717,
        "ctx_recall": 0.04924951751416627,
        "nohall": 0.0,
        "storyscore": 0.5129552624995934,
        "diversity": 0.09544212818145752
      },
      "baseline": {
        "bertscore": 0.8240514516830444,
        "lexical_recall": 0.027565383140357013,
        "title_cov": 0.0,
        "noloop": 0.9672744293476605,
        "ctx_recall": 0.027565383140357013,
        "nohall": 0.0,
        "storyscore": 0.5054570242659694,
        "diversity": 0.04818341732025146
      }
    },
    "bertha_von_suttner": {
      "event_driven": {
        "bertscore": 0.8041733264923095,
        "lexical_recall": 0.0453311747933923,
        "title_cov": 0.0,
        "noloop": 0.9025858250276855,
        "ctx_recall": 0.0453311747933923,
        "nohall": 0.0,
        "storyscore": 0.5006364658127426,
        "diversity": 0.03253934383392334
      },
      "baseline": {
        "bertscore": 0.7972181797027588,
        "lexical_recall": 0.04237521155135454,
        "title_cov": 0.0,
        "noloop": 0.9496753246753247,
        "ctx_recall": 0.04237521155135454,
        "nohall": 0.0,
        "storyscore": 0.49528099244219703,
        "diversity": 0.041317641735076904
      }
    },
    "charlie_chaplin": {
      "event_driven": {
        "bertscore": 0.8424735069274902,
        "lexical_recall": 0.25030697382096206,
        "title_cov": 0.0,
        "noloop": 0.9761904066232369,
        "ctx_recall": 0.25030697382096206,
        "nohall": 0.26598290598290597,
        "storyscore": 0.605606893684879,
        "diversity": 0.06694175601005554
      },
      "baseline": {
        "bertscore": 0.8502910137176514,
        "lexical_recall": 0.2300354781231822,
        "title_cov": 0.0,
        "noloop": 0.9645981033144082,
        "ctx_recall": 0.2300354781231822,
        "nohall": 0.3474358974358974,
        "storyscore": 0.6021887994798637,
        "diversity": 0.05450819134712219
      }
    },
    "cristiano_ronaldo": {
      "event_driven": {
        "bertscore": 0.8465914845466613,
        "lexical_recall": 0.30194876075490806,
        "title_cov": 0.0,
        "noloop": 0.9459523809523811,
        "ctx_recall": 0.30194876075490806,
        "nohall": 0.37429813664596273,
        "storyscore": 0.6287343950299599,
        "diversity": 0.0511613130569458
      },
      "baseline": {
        "bertscore": 0.8370577573776246,
        "lexical_recall": 0.22158776358986404,
        "title_cov": 0.0,
        "noloop": 0.9581179138321996,
        "ctx_recall": 0.22158776358986404,
        "nohall": 0.3787231559290383,
        "storyscore": 0.5908697598625203,
        "diversity": 0.045706814527511595
      }
    },
    "fairuz": {
      "event_driven": {
        "bertscore": 0.8290809392929077,
        "lexical_recall": 0.10065707120485916,
        "title_cov": 0.0,
        "noloop": 0.9544666100792627,
        "ctx_recall": 0.10065707120485916,
        "nohall": 0.10207070707070709,
        "storyscore": 0.5377113920576883,
        "diversity": 0.0528170108795166
      },
      "baseline": {
        "bertscore": 0.828692352771759,
        "lexical_recall": 0.09805678508601652,
        "title_cov": 0.0,
        "noloop": 0.9660950338077997,
        "ctx_recall": 0.09805678508601652,
        "nohall": 0.10493506493506495,
        "storyscore": 0.5364381256974621,
        "diversity": 0.050878101587295534
      }
    },
    "frida_kahlo": {
      "event_driven": {
        "bertscore": 0.8383361101150513,
        "lexical_recall": 0.23061759956733008,
        "title_cov": 0.0,
        "noloop": 0.9644643109874039,
        "ctx_recall": 0.23061759956733008,
        "nohall": 0.19762626262626265,
        "storyscore": 0.5952487058959628,
        "diversity": 0.025274133682250975
      },
      "baseline": {
        "bertscore": 0.8393570184707642,
        "lexical_recall": 0.2252364582654034,
        "title_cov": 0.0,
        "noloop": 0.9691486643437862,
        "ctx_recall": 0.2252364582654034,
        "nohall": 0.5730158730158731,
        "storyscore": 0.5937087943886199,
        "diversity": 0.03469128608703613
      }
    },
    "johnny_depp": {
      "event_driven": {
        "bertscore": 0.8199096918106079,
        "lexical_recall": 0.19366134533082918,
        "title_cov": 0.0,
        "noloop": 0.9454385773179602,
        "ctx_recall": 0.19366134533082918,
        "nohall": 0.18715728715728716,
        "storyscore": 0.5694103532186965,
        "diversity": 0.18305344879627228
      },
      "baseline": {
        "bertscore": 0.8258397579193115,
        "lexical_recall": 0.19128090085247135,
        "title_cov": 0.0,
        "noloop": 0.9610177865612648,
        "ctx_recall": 0.19128090085247135,
        "nohall": 0.34500000000000003,
        "storyscore": 0.5720162150925755,
        "diversity": 0.11115655303001404
      }
    },
    "klaus_nomi": {
      "event_driven": {
        "bertscore": 0.8413056612014771,
        "lexical_recall": 0.07975218545782434,
        "title_cov": 0.0,
        "noloop": 0.9673738630765932,
        "ctx_recall": 0.07975218545782434,
        "nohall": 0.39,
        "storyscore": 0.536684270904016,
        "diversity": 0.06506356000900268
      },
      "baseline": {
        "bertscore": 0.8419474601745606,
        "lexical_recall": 0.08040848398269244,
        "title_cov": 0.0,
        "noloop": 0.9573352652809506,
        "ctx_recall": 0.08040848398269244,
        "nohall": 0.2428571428571428,
        "storyscore": 0.5373318696978133,
        "diversity": 0.06476813554763794
      }
    },
    "leonardo_da_vinci": {
      "event_driven": {
        "bertscore": 0.8333849549293518,
        "lexical_recall": 0.2067783694140813,
        "title_cov": 0.0,
        "noloop": 0.9729104711713408,
        "ctx_recall": 0.2067783694140813,
        "nohall": 0.2802459580323357,
        "storyscore": 0.5827423207232435,
        "diversity": 0.03921147584915161
      },
      "baseline": {
        "bertscore": 0.8241169333457947,
        "lexical_recall": 0.16587497762336914,
        "title_cov": 0.0,
        "noloop": 0.9788692943328201,
        "ctx_recall": 0.16587497762336914,
        "nohall": 0.31619047619047624,
        "storyscore": 0.5608201510568245,
        "diversity": 0.05737144351005554
      }
    },
    "ludwig_van_beethoven": {
      "event_driven": {
        "bertscore": 0.848998749256134,
        "lexical_recall": 0.2231212264495679,
        "title_cov": 0.0,
        "noloop": 0.9729079617593728,
        "ctx_recall": 0.2231212264495679,
        "nohall": 0.24136321195144722,
        "storyscore": 0.5986477401335075,
        "diversity": 0.0731753408908844
      },
      "baseline": {
        "bertscore": 0.8437272548675537,
        "lexical_recall": 0.1764299772179132,
        "title_cov": 0.0,
        "noloop": 0.9716936518149865,
        "ctx_recall": 0.1764299772179132,
        "nohall": 0.21111111111111108,
        "storyscore": 0.5768083438076975,
        "diversity": 0.06733126640319824
      }
    },
    "maria_callas": {
      "event_driven": {
        "bertscore": 0.8420621871948242,
        "lexical_recall": 0.1780476751692268,
        "title_cov": 0.0,
        "noloop": 0.9651190701190702,
        "ctx_recall": 0.1780476751692268,
        "nohall": 0.42272727272727273,
        "storyscore": 0.5764563823845852,
        "diversity": 0.05647096037864685
      },
      "baseline": {
        "bertscore": 0.8340643882751465,
        "lexical_recall": 0.13035896738355737,
        "title_cov": 0.0,
        "noloop": 0.9729311058891319,
        "ctx_recall": 0.13035896738355737,
        "nohall": 0.28376068376068375,
        "storyscore": 0.5525822199185109,
        "diversity": 0.0931146800518036
      }
    },