{
  "bertscore": 0.8471492409706116,
  "lexical_recall": 0.15746636261207334,
  "title_cov": 0.0,
  "noloop": 0.9732065271808347,
  "ctx_recall": 0.15746636261207334,
  "nohall": 0.4203174603174603,
  "storyscore": 0.5712760896271962
}