{
  "bertscore": 0.8449801802635193,
  "lexical_recall": 0.16022099447513813,
  "title_cov": 0.0,
  "noloop": 0.9545454545454546,
  "ctx_recall": 0.16022099447513813,
  "nohall": 0.5,
  "storyscore": 0.5710765059481668
}