{
  "bertscore": 0.8421312570571899,
  "lexical_recall": 0.12682926829268293,
  "title_cov": 0.0,
  "noloop": 0.9811320754716981,
  "ctx_recall": 0.12682926829268293,
  "nohall": 0.3571428571428571,
  "storyscore": 0.5560104615513871
}