{
  "bertscore": 0.848941445350647,
  "lexical_recall": 0.15877437325905291,
  "title_cov": 0.0,
  "noloop": 0.9787234042553191,
  "ctx_recall": 0.15877437325905291,
  "nohall": 0.5,
  "storyscore": 0.5728746165140094
}