{
  "bertscore": 0.8449129462242126,
  "lexical_recall": 0.1564245810055866,
  "title_cov": 0.0,
  "noloop": 0.9574468085106383,
  "ctx_recall": 0.1564245810055866,
  "nohall": 0.25,
  "storyscore": 0.5695176001367622
}