{
  "bertscore": 0.8538986444473267,
  "lexical_recall": 0.17045454545454544,
  "title_cov": 0.0,
  "noloop": 0.9772727272727273,
  "ctx_recall": 0.17045454545454544,
  "nohall": 0.4444444444444444,
  "storyscore": 0.5805210048502141
}