{
  "bertscore": 0.8455073833465576,
  "lexical_recall": 0.18808777429467086,
  "title_cov": 0.0,
  "noloop": 0.9743589743589743,
  "ctx_recall": 0.18808777429467086,
  "nohall": 0.2941176470588235,
  "storyscore": 0.5825395397258029
}