{
  "bertscore": 0.845794677734375,
  "lexical_recall": 0.17105263157894737,
  "title_cov": 0.0,
  "noloop": 0.9743589743589743,
  "ctx_recall": 0.17105263157894737,
  "nohall": 0.30000000000000004,
  "storyscore": 0.5758978592722039
}