{
  "bertscore": 0.8503239154815674,
  "lexical_recall": 0.17684887459807075,
  "title_cov": 0.0,
  "noloop": 0.95,
  "ctx_recall": 0.17684887459807075,
  "nohall": 0.33333333333333337,
  "storyscore": 0.5809338991281686
}