{
  "bertscore": 0.8472941517829895,
  "lexical_recall": 0.17586644887821634,
  "title_cov": 0.0,
  "noloop": 0.966815702028468,
  "ctx_recall": 0.17586644887821634,
  "nohall": 0.2575954592363261,
  "storyscore": 0.5787230706210803
}