{
  "bertscore": 0.846843957901001,
  "lexical_recall": 0.19130434782608696,
  "title_cov": 0.0,
  "noloop": 0.9772727272727273,
  "ctx_recall": 0.19130434782608696,
  "nohall": 0.21052631578947367,
  "storyscore": 0.5846281138710354
}