{
  "bertscore": 0.8488825559616089,
  "lexical_recall": 0.16666666666666666,
  "title_cov": 0.0,
  "noloop": 0.975,
  "ctx_recall": 0.16666666666666666,
  "nohall": 0.19999999999999996,
  "storyscore": 0.575996200243632
}