{
  "bertscore": 0.8329111337661743,
  "lexical_recall": 0.22965116279069767,
  "title_cov": 0.0,
  "noloop": 0.9772727272727273,
  "ctx_recall": 0.22965116279069767,
  "nohall": 0.25,
  "storyscore": 0.5916071453759837
}