{
  "bertscore": 0.8333849549293518,
  "lexical_recall": 0.2067783694140813,
  "title_cov": 0.0,
  "noloop": 0.9729104711713408,
  "ctx_recall": 0.2067783694140813,
  "nohall": 0.2802459580323357,
  "storyscore": 0.5827423207232435
}