{
  "bertscore": 0.8261044025421143,
  "lexical_recall": 0.1662269129287599,
  "title_cov": 0.0,
  "noloop": 0.9795918367346939,
  "ctx_recall": 0.1662269129287599,
  "nohall": 0.33333333333333337,
  "storyscore": 0.5621534066967725
}