{
  "bertscore": 0.8244052529335022,
  "lexical_recall": 0.15013404825737264,
  "title_cov": 0.0,
  "noloop": 0.9795918367346939,
  "ctx_recall": 0.15013404825737264,
  "nohall": 0.33333333333333337,
  "storyscore": 0.5546967710630504
}