{
  "bertscore": 0.8249648213386536,
  "lexical_recall": 0.17344173441734417,
  "title_cov": 0.0,
  "noloop": 0.9772727272727273,
  "ctx_recall": 0.17344173441734417,
  "nohall": 0.19999999999999996,
  "storyscore": 0.5643555865701297
}