{
  "bertscore": 0.837674081325531,
  "lexical_recall": 0.20402298850574713,
  "title_cov": 0.0,
  "noloop": 0.9772727272727273,
  "ctx_recall": 0.20402298850574713,
  "nohall": 0.375,
  "storyscore": 0.5842136441976175
}