{
  "bertscore": 0.8239263892173767,
  "lexical_recall": 0.1657754010695187,
  "title_cov": 0.0,
  "noloop": 0.9791666666666666,
  "ctx_recall": 0.1657754010695187,
  "nohall": 0.2857142857142857,
  "storyscore": 0.5606659939582335
}