{
  "bertscore": 0.8241169333457947,
  "lexical_recall": 0.16587497762336914,
  "title_cov": 0.0,
  "noloop": 0.9788692943328201,
  "ctx_recall": 0.16587497762336914,
  "nohall": 0.31619047619047624,
  "storyscore": 0.5608201510568245
}