{
  "bertscore": 0.8346225619316101,
  "lexical_recall": 0.19293478260869565,
  "title_cov": 0.0,
  "noloop": 0.9782608695652174,
  "ctx_recall": 0.19293478260869565,
  "nohall": 0.2777777777777778,
  "storyscore": 0.5779474502024442
}