{
  "bertscore": 0.8330146670341492,
  "lexical_recall": 0.20728291316526612,
  "title_cov": 0.0,
  "noloop": 0.9555555555555556,
  "ctx_recall": 0.20728291316526612,
  "nohall": 0.26315789473684215,
  "storyscore": 0.5827219654865959
}