{
  "bertscore": 0.8211838006973267,
  "lexical_recall": 0.17379679144385027,
  "title_cov": 0.0,
  "noloop": 0.9787234042553191,
  "ctx_recall": 0.17379679144385027,
  "nohall": 0.4285714285714286,
  "storyscore": 0.5622289969959361
}