{
  "bertscore": 0.8449691534042358,
  "lexical_recall": 0.2514792899408284,
  "title_cov": 0.0,
  "noloop": 0.9767441860465116,
  "ctx_recall": 0.2514792899408284,
  "nohall": 0.1875,
  "storyscore": 0.6075732080188729
}