{
  "bertscore": 0.843802809715271,
  "lexical_recall": 0.24814814814814815,
  "title_cov": 0.0,
  "noloop": 0.8648648648648649,
  "ctx_recall": 0.24814814814814815,
  "nohall": 0.23529411764705888,
  "storyscore": 0.6055409450884218
}