{
  "bertscore": 0.8422344326972961,
  "lexical_recall": 0.21329639889196675,
  "title_cov": 0.0,
  "noloop": 0.9361702127659575,
  "ctx_recall": 0.21329639889196675,
  "nohall": 0.36363636363636365,
  "storyscore": 0.5906592191751644
}