{
  "bertscore": 0.8458304405212402,
  "lexical_recall": 0.26453488372093026,
  "title_cov": 0.0,
  "noloop": 0.9347826086956522,
  "ctx_recall": 0.26453488372093026,
  "nohall": 0.2272727272727273,
  "storyscore": 0.6133122178011162
}