{
  "bertscore": 0.8430763125419617,
  "lexical_recall": 0.2508571182015605,
  "title_cov": 0.0,
  "noloop": 0.9271498712348055,
  "ctx_recall": 0.2508571182015605,
  "nohall": 0.19564804390655785,
  "storyscore": 0.6061886348058012
}