{
  "bertscore": 0.8438137531280517,
  "lexical_recall": 0.2308691149859426,
  "title_cov": 0.0,
  "noloop": 0.9318946975128497,
  "ctx_recall": 0.2308691149859426,
  "nohall": 0.35021645021645026,
  "storyscore": 0.5986358978712081
}