{
  "bertscore": 0.8400443196296692,
  "lexical_recall": 0.2204724409448819,
  "title_cov": 0.0,
  "noloop": 0.9591836734693877,
  "ctx_recall": 0.2204724409448819,
  "nohall": 0.36363636363636365,
  "storyscore": 0.5922155681557543
}