{
  "bertscore": 0.8432238101959229,
  "lexical_recall": 0.26006191950464397,
  "title_cov": 0.0,
  "noloop": 0.9523809523809523,
  "ctx_recall": 0.26006191950464397,
  "nohall": 0.11764705882352944,
  "storyscore": 0.6099590539194113
}