{
  "bertscore": 0.8476483225822449,
  "lexical_recall": 0.23939393939393938,
  "title_cov": 0.0,
  "noloop": 0.9069767441860466,
  "ctx_recall": 0.23939393939393938,
  "nohall": 0.33333333333333337,
  "storyscore": 0.6043465693069228
}