{
  "bertscore": 0.8375553488731384,
  "lexical_recall": 0.23006134969325154,
  "title_cov": 0.0,
  "noloop": 0.9069767441860466,
  "ctx_recall": 0.23006134969325154,
  "nohall": 0.21052631578947367,
  "storyscore": 0.5945577492011836
}