{
  "bertscore": 0.8439227938652039,
  "lexical_recall": 0.25268817204301075,
  "title_cov": 0.0,
  "noloop": 0.9387755102040817,
  "ctx_recall": 0.25268817204301075,
  "nohall": 0.3571428571428571,
  "storyscore": 0.6074289451363266
}