{
  "bertscore": 0.8452188968658447,
  "lexical_recall": 0.22849462365591397,
  "title_cov": 0.0,
  "noloop": 0.9183673469387755,
  "ctx_recall": 0.22849462365591397,
  "nohall": 0.33333333333333337,
  "storyscore": 0.5985291875818725
}