{
  "bertscore": 0.8420621871948242,
  "lexical_recall": 0.1780476751692268,
  "title_cov": 0.0,
  "noloop": 0.9651190701190702,
  "ctx_recall": 0.1780476751692268,
  "nohall": 0.42272727272727273,
  "storyscore": 0.5764563823845852
}