{
  "bertscore": 0.82963627576828,
  "lexical_recall": 0.12094395280235988,
  "title_cov": 0.0,
  "noloop": 0.9777777777777777,
  "ctx_recall": 0.12094395280235988,
  "nohall": 0.2222222222222222,
  "storyscore": 0.5461593465819119
}