{
  "bertscore": 0.8443143963813782,
  "lexical_recall": 0.1858108108108108,
  "title_cov": 0.0,
  "noloop": 0.972972972972973,
  "ctx_recall": 0.1858108108108108,
  "nohall": 0.36363636363636365,
  "storyscore": 0.5809129621531512
}