{
  "bertscore": 0.8391257524490356,
  "lexical_recall": 0.16417910447761194,
  "title_cov": 0.0,
  "noloop": 0.9545454545454546,
  "ctx_recall": 0.16417910447761194,
  "nohall": 0.41666666666666663,
  "storyscore": 0.5691470932604662
}