{
  "bertscore": 0.8345426321029663,
  "lexical_recall": 0.12460063897763578,
  "title_cov": 0.0,
  "noloop": 0.975609756097561,
  "ctx_recall": 0.12460063897763578,
  "nohall": 0.2222222222222222,
  "storyscore": 0.5505658348528341
}