{
  "bertscore": 0.8472718596458435,
  "lexical_recall": 0.18421052631578946,
  "title_cov": 0.0,
  "noloop": 0.9743589743589743,
  "ctx_recall": 0.18421052631578946,
  "nohall": 0.5,
  "storyscore": 0.5820473263138218
}