{
  "bertscore": 0.8406997323036194,
  "lexical_recall": 0.18670886075949367,
  "title_cov": 0.0,
  "noloop": 0.975,
  "ctx_recall": 0.18670886075949367,
  "nohall": 0.33333333333333337,
  "storyscore": 0.579103383685969
}