{
  "bertscore": 0.8355197310447693,
  "lexical_recall": 0.14465408805031446,
  "title_cov": 0.0,
  "noloop": 0.9761904761904762,
  "ctx_recall": 0.14465408805031446,
  "nohall": 0.3076923076923077,
  "storyscore": 0.5591734738469873
}