{
  "bertscore": 0.8361267447471619,
  "lexical_recall": 0.1174785100286533,
  "title_cov": 0.0,
  "noloop": 0.9583333333333334,
  "ctx_recall": 0.1174785100286533,
  "nohall": 0.33333333333333337,
  "storyscore": 0.5486674508597584
}