{
  "bertscore": 0.8340643882751465,
  "lexical_recall": 0.13035896738355737,
  "title_cov": 0.0,
  "noloop": 0.9729311058891319,
  "ctx_recall": 0.13035896738355737,
  "nohall": 0.28376068376068375,
  "storyscore": 0.5525822199185109
}