{
  "bertscore": 0.8388991951942444,
  "lexical_recall": 0.16932907348242812,
  "title_cov": 0.0,
  "noloop": 0.9487179487179487,
  "ctx_recall": 0.16932907348242812,
  "nohall": 0.5,
  "storyscore": 0.5710711465095178
}