{
  "bertscore": 0.8344965577125549,
  "lexical_recall": 0.14411764705882352,
  "title_cov": 0.0,
  "noloop": 0.9767441860465116,
  "ctx_recall": 0.14411764705882352,
  "nohall": 0.33333333333333337,
  "storyscore": 0.5583449934510624
}