{
  "bertscore": 0.8504709601402283,
  "lexical_recall": 0.22699386503067484,
  "title_cov": 0.0,
  "noloop": 0.9767441860465116,
  "ctx_recall": 0.22699386503067484,
  "nohall": 0.2941176470588235,
  "storyscore": 0.6010801220964069
}