{
  "bertscore": 0.8490933179855347,
  "lexical_recall": 0.2361111111111111,
  "title_cov": 0.0,
  "noloop": 0.9782608695652174,
  "ctx_recall": 0.2361111111111111,
  "nohall": 0.2222222222222222,
  "storyscore": 0.6039004352357652
}