{
  "bertscore": 0.8535952568054199,
  "lexical_recall": 0.23734177215189872,
  "title_cov": 0.0,
  "noloop": 0.9512195121951219,
  "ctx_recall": 0.23734177215189872,
  "nohall": 0.25,
  "storyscore": 0.6070938629440115
}