{
  "bertscore": 0.8437272548675537,
  "lexical_recall": 0.1764299772179132,
  "title_cov": 0.0,
  "noloop": 0.9716936518149865,
  "ctx_recall": 0.1764299772179132,
  "nohall": 0.21111111111111108,
  "storyscore": 0.5768083438076975
}