{
  "bertscore": 0.8475437760353088,
  "lexical_recall": 0.21203438395415472,
  "title_cov": 0.0,
  "noloop": 0.9787234042553191,
  "ctx_recall": 0.21203438395415472,
  "nohall": 0.25,
  "storyscore": 0.5933400192028472
}