{
  "bertscore": 0.848998749256134,
  "lexical_recall": 0.2231212264495679,
  "title_cov": 0.0,
  "noloop": 0.9729079617593728,
  "ctx_recall": 0.2231212264495679,
  "nohall": 0.24136321195144722,
  "storyscore": 0.5986477401335075
}