{
  "bertscore": 0.8456336259841919,
  "lexical_recall": 0.18037974683544303,
  "title_cov": 0.0,
  "noloop": 0.9761904761904762,
  "ctx_recall": 0.18037974683544303,
  "nohall": 0.16666666666666663,
  "storyscore": 0.5795320743246923
}