{
  "bertscore": 0.8423659205436707,
  "lexical_recall": 0.1786833855799373,
  "title_cov": 0.0,
  "noloop": 0.95,
  "ctx_recall": 0.1786833855799373,
  "nohall": 0.2222222222222222,
  "storyscore": 0.5768929065581773
}