{
  "bertscore": 0.8442904353141785,
  "lexical_recall": 0.203125,
  "title_cov": 0.0,
  "noloop": 0.9795918367346939,
  "ctx_recall": 0.203125,
  "nohall": 0.19047619047619047,
  "storyscore": 0.5878242611885071
}