{
  "bertscore": 0.8399222493171692,
  "lexical_recall": 0.1710914454277286,
  "title_cov": 0.0,
  "noloop": 0.9782608695652174,
  "ctx_recall": 0.1710914454277286,
  "nohall": 0.125,
  "storyscore": 0.5723899277613929
}