{
  "bertscore": 0.8404237031936646,
  "lexical_recall": 0.1632047477744807,
  "title_cov": 0.0,
  "noloop": 0.9767441860465116,
  "ctx_recall": 0.1632047477744807,
  "nohall": 0.375,
  "storyscore": 0.569536121025991
}