{
  "bertscore": 0.8502907752990723,
  "lexical_recall": 0.1887905604719764,
  "title_cov": 0.0,
  "noloop": 0.9772727272727273,
  "ctx_recall": 0.1887905604719764,
  "nohall": 0.16666666666666663,
  "storyscore": 0.5856906893682339
}