{
  "bertscore": 0.8341387510299683,
  "lexical_recall": 0.17280453257790368,
  "title_cov": 0.0,
  "noloop": 0.9591836734693877,
  "ctx_recall": 0.17280453257790368,
  "nohall": 0.09999999999999998,
  "storyscore": 0.5696050636491424
}