{
  "bertscore": 0.828531801700592,
  "lexical_recall": 0.1891025641025641,
  "title_cov": 0.0,
  "noloop": 0.9565217391304348,
  "ctx_recall": 0.1891025641025641,
  "nohall": 0.08333333333333337,
  "storyscore": 0.5727601066613808
}