{
  "bertscore": 0.828087568283081,
  "lexical_recall": 0.1762820512820513,
  "title_cov": 0.0,
  "noloop": 0.9512195121951219,
  "ctx_recall": 0.1762820512820513,
  "nohall": 0.08333333333333337,
  "storyscore": 0.5673653614826691
}