{
  "bertscore": 0.8364260792732239,
  "lexical_recall": 0.1791044776119403,
  "title_cov": 0.0,
  "noloop": 0.9555555555555556,
  "ctx_recall": 0.1791044776119403,
  "nohall": 0.09090909090909094,
  "storyscore": 0.5734974386087104
}