{
  "bertscore": 0.8340457677841187,
  "lexical_recall": 0.14497041420118342,
  "title_cov": 0.0,
  "noloop": 0.9555555555555556,
  "ctx_recall": 0.14497041420118342,
  "nohall": 0.09090909090909094,
  "storyscore": 0.5584156263509445
}