{
  "bertscore": 0.8324208855628967,
  "lexical_recall": 0.16467065868263472,
  "title_cov": 0.0,
  "noloop": 0.9130434782608696,
  "ctx_recall": 0.16467065868263472,
  "nohall": 0.0,
  "storyscore": 0.5653207948107919
}