{
  "bertscore": 0.8396286964416504,
  "lexical_recall": 0.196875,
  "title_cov": 0.0,
  "noloop": 0.9523809523809523,
  "ctx_recall": 0.196875,
  "nohall": 0.25,
  "storyscore": 0.5825272178649902
}