{
  "bertscore": 0.8329244256019592,
  "lexical_recall": 0.16783216783216784,
  "title_cov": 0.0,
  "noloop": 0.9285714285714286,
  "ctx_recall": 0.16783216783216784,
  "nohall": 0.19999999999999996,
  "storyscore": 0.5668875224940426
}