{
  "bertscore": 0.834552001953125,
  "lexical_recall": 0.16966362992004885,
  "title_cov": 0.0,
  "noloop": 0.9359637188208618,
  "ctx_recall": 0.16966362992004885,
  "nohall": 0.13636363636363635,
  "storyscore": 0.5685966531398946
}