{
  "bertscore": 0.835224986076355,
  "lexical_recall": 0.18360655737704917,
  "title_cov": 0.0,
  "noloop": 0.8809523809523809,
  "ctx_recall": 0.18360655737704917,
  "nohall": 0.19999999999999996,
  "storyscore": 0.5745776145966327
}