{
  "bertscore": 0.83050537109375,
  "lexical_recall": 0.16459627329192547,
  "title_cov": 0.0,
  "noloop": 0.9767441860465116,
  "ctx_recall": 0.16459627329192547,
  "nohall": 0.0,
  "storyscore": 0.5641417319730202
}