{
  "bertscore": 0.831834864616394,
  "lexical_recall": 0.17830530947183512,
  "title_cov": 0.0,
  "noloop": 0.9499819736027779,
  "ctx_recall": 0.17830530947183512,
  "nohall": 0.08333333333333334,
  "storyscore": 0.5704230425585705
}