{
  "bertscore": 0.8517180681228638,
  "lexical_recall": 0.2701458579161795,
  "title_cov": 0.0,
  "noloop": 0.9506688644796741,
  "ctx_recall": 0.2701458579161795,
  "nohall": 0.4678239407651172,
  "storyscore": 0.61908918404019
}