{
  "bertscore": 0.8548453688621521,
  "lexical_recall": 0.2672494150860475,
  "title_cov": 0.0,
  "noloop": 0.968544465308874,
  "ctx_recall": 0.2672494150860475,
  "nohall": 0.5444444444444445,
  "storyscore": 0.6198069873517102
}