{
  "bertscore": 0.8578380942344666,
  "lexical_recall": 0.2786259541984733,
  "title_cov": 0.0,
  "noloop": 0.9444444444444444,
  "ctx_recall": 0.2786259541984733,
  "nohall": 0.3846153846153846,
  "storyscore": 0.6261532382200693
}