{
  "bertscore": 0.8571056723594666,
  "lexical_recall": 0.26126126126126126,
  "title_cov": 0.0,
  "noloop": 0.9782608695652174,
  "ctx_recall": 0.26126126126126126,
  "nohall": 0.5555555555555556,
  "storyscore": 0.6187679079201844
}