{
  "bertscore": 0.856611967086792,
  "lexical_recall": 0.26334519572953735,
  "title_cov": 0.0,
  "noloop": 0.9736842105263158,
  "ctx_recall": 0.26334519572953735,
  "nohall": 0.5454545454545454,
  "storyscore": 0.6193052585438902
}