{
  "bertscore": 0.8585305213928223,
  "lexical_recall": 0.26644736842105265,
  "title_cov": 0.0,
  "noloop": 0.9761904761904762,
  "ctx_recall": 0.26644736842105265,
  "nohall": 0.4285714285714286,
  "storyscore": 0.6216972602041144
}