{
  "bertscore": 0.8574880361557007,
  "lexical_recall": 0.26366559485530544,
  "title_cov": 0.0,
  "noloop": 0.975609756097561,
  "ctx_recall": 0.26366559485530544,
  "nohall": 0.47058823529411764,
  "storyscore": 0.6199590596355425
}