{
  "bertscore": 0.8542187213897705,
  "lexical_recall": 0.2973856209150327,
  "title_cov": 0.0,
  "noloop": 0.9565217391304348,
  "ctx_recall": 0.2973856209150327,
  "nohall": 0.5714285714285714,
  "storyscore": 0.6314854811998754
}