{
  "bertscore": 0.852678656578064,
  "lexical_recall": 0.24846625766871167,
  "title_cov": 0.0,
  "noloop": 0.9534883720930233,
  "ctx_recall": 0.24846625766871167,
  "nohall": 0.6666666666666667,
  "storyscore": 0.610993697014323
}