{
  "bertscore": 0.8516932725906372,
  "lexical_recall": 0.2626865671641791,
  "title_cov": 0.0,
  "noloop": 0.9782608695652174,
  "ctx_recall": 0.2626865671641791,
  "nohall": 0.5,
  "storyscore": 0.616090590420054
}