{
  "bertscore": 0.8349249958992004,
  "lexical_recall": 0.2774869109947644,
  "title_cov": 0.0,
  "noloop": 0.9310344827586207,
  "ctx_recall": 0.2774869109947644,
  "nohall": 0.4,
  "storyscore": 0.611949761937426
}