{
  "bertscore": 0.8517272472381592,
  "lexical_recall": 0.2676056338028169,
  "title_cov": 0.0,
  "noloop": 0.9285714285714286,
  "ctx_recall": 0.2676056338028169,
  "nohall": 0.5384615384615384,
  "storyscore": 0.6180786018640222
}