{
  "bertscore": 0.8144699931144714,
  "lexical_recall": 0.045662100456621,
  "title_cov": 0.0,
  "noloop": 0.8888888888888888,
  "ctx_recall": 0.045662100456621,
  "nohall": 0.0,
  "storyscore": 0.5069468360513312
}