{
  "bertscore": 0.8291386365890503,
  "lexical_recall": 0.04100946372239748,
  "title_cov": 0.0,
  "noloop": 0.9375,
  "ctx_recall": 0.04100946372239748,
  "nohall": 0.0,
  "storyscore": 0.5138869674423892
}