{
  "bertscore": 0.826052188873291,
  "lexical_recall": 0.033846153846153845,
  "title_cov": 0.0,
  "noloop": 0.9767441860465116,
  "ctx_recall": 0.033846153846153845,
  "nohall": 0.0,
  "storyscore": 0.5091697748624361
}