{
  "bertscore": 0.8220924258232116,
  "lexical_recall": 0.04924951751416627,
  "title_cov": 0.0,
  "noloop": 0.8751627051499717,
  "ctx_recall": 0.04924951751416627,
  "nohall": 0.0,
  "storyscore": 0.5129552624995934
}