{
  "bertscore": 0.8242853879928589,
  "lexical_recall": 0.029411764705882353,
  "title_cov": 0.0,
  "noloop": 0.9772727272727273,
  "ctx_recall": 0.029411764705882353,
  "nohall": 0.0,
  "storyscore": 0.5063359386780683
}