{
  "bertscore": 0.8199033737182617,
  "lexical_recall": 0.022653721682847898,
  "title_cov": 0.0,
  "noloop": 0.9761904761904762,
  "ctx_recall": 0.022653721682847898,
  "nohall": 0.0,
  "storyscore": 0.5010035129040962
}