{
  "bertscore": 0.8240514516830444,
  "lexical_recall": 0.027565383140357013,
  "title_cov": 0.0,
  "noloop": 0.9672744293476605,
  "ctx_recall": 0.027565383140357013,
  "nohall": 0.0,
  "storyscore": 0.5054570242659694
}