{
  "bertscore": 0.8264176845550537,
  "lexical_recall": 0.025069637883008356,
  "title_cov": 0.0,
  "noloop": 0.9574468085106383,
  "ctx_recall": 0.025069637883008356,
  "nohall": 0.0,
  "storyscore": 0.5058784658862355
}