{
  "bertscore": 0.8235986232757568,
  "lexical_recall": 0.026845637583892617,
  "title_cov": 0.0,
  "noloop": 0.9487179487179487,
  "ctx_recall": 0.026845637583892617,
  "nohall": 0.0,
  "storyscore": 0.5048974289990111
}