{
  "bertscore": 0.8265562653541565,
  "lexical_recall": 0.044444444444444446,
  "title_cov": 0.0,
  "noloop": 0.868421052631579,
  "ctx_recall": 0.044444444444444446,
  "nohall": 0.0,
  "storyscore": 0.5137115369902716
}