{
  "bertscore": 0.8181831240653992,
  "lexical_recall": 0.05263157894736842,
  "title_cov": 0.0,
  "noloop": 0.9032258064516129,
  "ctx_recall": 0.05263157894736842,
  "nohall": 0.0,
  "storyscore": 0.5119625060181868
}