{
  "bertscore": 0.8553333282470703,
  "lexical_recall": 0.3236994219653179,
  "title_cov": 0.0,
  "noloop": 0.9574468085106383,
  "ctx_recall": 0.3236994219653179,
  "nohall": 0.6153846153846154,
  "storyscore": 0.6426797657343694
}