{
  "bertscore": 0.8578835129737854,
  "lexical_recall": 0.3081081081081081,
  "title_cov": 0.0,
  "noloop": 0.94,
  "ctx_recall": 0.3081081081081081,
  "nohall": 0.5333333333333333,
  "storyscore": 0.6379733510275145
}