{
  "bertscore": 0.8485599160194397,
  "lexical_recall": 0.2880420039568933,
  "title_cov": 0.0,
  "noloop": 0.9434781488352917,
  "ctx_recall": 0.2880420039568933,
  "nohall": 0.4935897435897436,
  "storyscore": 0.6243527511944211
}