{
  "bertscore": 0.854768967628479,
  "lexical_recall": 0.3311745662576097,
  "title_cov": 0.0,
  "noloop": 0.9532699000044051,
  "ctx_recall": 0.3311745662576097,
  "nohall": 0.598041958041958,
  "storyscore": 0.6453312070801313
}