{
  "bertscore": 0.8430691957473755,
  "lexical_recall": 0.30177514792899407,
  "title_cov": 0.0,
  "noloop": 0.9555555555555556,
  "ctx_recall": 0.30177514792899407,
  "nohall": 0.5,
  "storyscore": 0.6265515766200229
}