{
  "bertscore": 0.8557068705558777,
  "lexical_recall": 0.31283422459893045,
  "title_cov": 0.0,
  "noloop": 0.96,
  "ctx_recall": 0.31283422459893045,
  "nohall": 0.5384615384615384,
  "storyscore": 0.6385578121730988
}