{
  "bertscore": 0.8572366237640381,
  "lexical_recall": 0.32326283987915405,
  "title_cov": 0.0,
  "noloop": 0.9318181818181819,
  "ctx_recall": 0.32326283987915405,
  "nohall": 0.5833333333333333,
  "storyscore": 0.6436471102100845
}