{
  "bertscore": 0.8436383008956909,
  "lexical_recall": 0.2622478386167147,
  "title_cov": 0.0,
  "noloop": 0.9333333333333333,
  "ctx_recall": 0.2622478386167147,
  "nohall": 0.5,
  "storyscore": 0.6110821159841004
}