{
  "bertscore": 0.8508589267730713,
  "lexical_recall": 0.2853185595567867,
  "title_cov": 0.0,
  "noloop": 0.9375,
  "ctx_recall": 0.2853185595567867,
  "nohall": 0.3846153846153846,
  "storyscore": 0.6246427798865575
}