{
  "bertscore": 0.8486540913581848,
  "lexical_recall": 0.33136094674556216,
  "title_cov": 0.0,
  "noloop": 0.9565217391304348,
  "ctx_recall": 0.33136094674556216,
  "nohall": 0.6666666666666667,
  "storyscore": 0.6417368335131357
}