{
  "bertscore": 0.8562670350074768,
  "lexical_recall": 0.37987012987012986,
  "title_cov": 0.0,
  "noloop": 0.9523809523809523,
  "ctx_recall": 0.37987012987012986,
  "nohall": 0.6363636363636364,
  "storyscore": 0.665708272952538
}