{
  "bertscore": 0.8479965329170227,
  "lexical_recall": 0.2676056338028169,
  "title_cov": 0.0,
  "noloop": 0.9591836734693877,
  "ctx_recall": 0.2676056338028169,
  "nohall": 0.5,
  "storyscore": 0.6158401732713403
}