{
  "bertscore": 0.8448004245758056,
  "lexical_recall": 0.2254910581919746,
  "title_cov": 0.0,
  "noloop": 0.9729451050292187,
  "ctx_recall": 0.2254910581919746,
  "nohall": 0.42695304695304703,
  "storyscore": 0.5970766780222732
}