{
  "bertscore": 0.8440312147140503,
  "lexical_recall": 0.2346368715083799,
  "title_cov": 0.0,
  "noloop": 0.9782608695652174,
  "ctx_recall": 0.2346368715083799,
  "nohall": 0.3571428571428571,
  "storyscore": 0.6002734774317822
}