{
  "bertscore": 0.8453444242477417,
  "lexical_recall": 0.25210084033613445,
  "title_cov": 0.0,
  "noloop": 0.9787234042553191,
  "ctx_recall": 0.25210084033613445,
  "nohall": 0.46153846153846156,
  "storyscore": 0.6080469906830988
}