{
  "bertscore": 0.8535197377204895,
  "lexical_recall": 0.23417721518987342,
  "title_cov": 0.0,
  "noloop": 0.9761904761904762,
  "ctx_recall": 0.23417721518987342,
  "nohall": 0.38888888888888884,
  "storyscore": 0.6057827287082431
}