{
  "bertscore": 0.8551281094551086,
  "lexical_recall": 0.22968197879858657,
  "title_cov": 0.0,
  "noloop": 0.9444444444444444,
  "ctx_recall": 0.22968197879858657,
  "nohall": 0.2857142857142857,
  "storyscore": 0.6049496571924998
}