{
  "bertscore": 0.8526153445243836,
  "lexical_recall": 0.22621275685399467,
  "title_cov": 0.0,
  "noloop": 0.9663448146056842,
  "ctx_recall": 0.22621275685399467,
  "nohall": 0.41979458450046686,
  "storyscore": 0.602054309456228
}