{
  "bertscore": 0.8507281541824341,
  "lexical_recall": 0.23030303030303031,
  "title_cov": 0.0,
  "noloop": 0.9555555555555556,
  "ctx_recall": 0.23030303030303031,
  "nohall": 0.5714285714285714,
  "storyscore": 0.6025581046306726
}