{
  "bertscore": 0.8504932522773743,
  "lexical_recall": 0.20909090909090908,
  "title_cov": 0.0,
  "noloop": 0.9772727272727273,
  "ctx_recall": 0.20909090909090908,
  "nohall": 0.5,
  "storyscore": 0.5939323150027882
}