{
  "bertscore": 0.8489612936973572,
  "lexical_recall": 0.21019108280254778,
  "title_cov": 0.0,
  "noloop": 0.975609756097561,
  "ctx_recall": 0.21019108280254778,
  "nohall": 0.4545454545454546,
  "storyscore": 0.5934532093394334
}