{
  "bertscore": 0.8532074689865112,
  "lexical_recall": 0.22781065088757396,
  "title_cov": 0.0,
  "noloop": 0.9782608695652174,
  "ctx_recall": 0.22781065088757396,
  "nohall": 0.3529411764705882,
  "storyscore": 0.6030487417469363
}