{
  "bertscore": 0.8396467566490173,
  "lexical_recall": 0.20699708454810495,
  "title_cov": 0.0,
  "noloop": 0.9565217391304348,
  "ctx_recall": 0.20699708454810495,
  "nohall": 0.46153846153846156,
  "storyscore": 0.5865868878086524
}