{
  "bertscore": 0.8460184335708618,
  "lexical_recall": 0.2235294117647059,
  "title_cov": 0.0,
  "noloop": 0.975609756097561,
  "ctx_recall": 0.2235294117647059,
  "nohall": 0.4,
  "storyscore": 0.5970228248483995
}