{
  "bertscore": 0.8482931852340698,
  "lexical_recall": 0.29692832764505117,
  "title_cov": 0.0,
  "noloop": 0.975609756097561,
  "ctx_recall": 0.29692832764505117,
  "nohall": 0.3076923076923077,
  "storyscore": 0.6277472421984623
}