{
  "bertscore": 0.837019145488739,
  "lexical_recall": 0.2619047619047619,
  "title_cov": 0.0,
  "noloop": 0.9787234042553191,
  "ctx_recall": 0.2619047619047619,
  "nohall": 0.25,
  "storyscore": 0.6069733920551481
}