{
  "bertscore": 0.8455857038497925,
  "lexical_recall": 0.27941176470588236,
  "title_cov": 0.0,
  "noloop": 0.9787234042553191,
  "ctx_recall": 0.27941176470588236,
  "nohall": 0.1428571428571429,
  "storyscore": 0.6191161281922285
}