{
  "bertscore": 0.8582881093025208,
  "lexical_recall": 0.3242506811989101,
  "title_cov": 0.0,
  "noloop": 0.9795918367346939,
  "ctx_recall": 0.3242506811989101,
  "nohall": 0.4545454545454546,
  "storyscore": 0.6446731380610765
}