{
  "bertscore": 0.8533519506454468,
  "lexical_recall": 0.31203931203931207,
  "title_cov": 0.0,
  "noloop": 0.9636363636363636,
  "ctx_recall": 0.31203931203931207,
  "nohall": 0.33333333333333337,
  "storyscore": 0.636826895202993
}