{
  "bertscore": 0.850263237953186,
  "lexical_recall": 0.2892561983471074,
  "title_cov": 0.0,
  "noloop": 0.9574468085106383,
  "ctx_recall": 0.2892561983471074,
  "nohall": 0.25,
  "storyscore": 0.6258604221107547
}