{
  "bertscore": 0.845413863658905,
  "lexical_recall": 0.2983425414364641,
  "title_cov": 0.0,
  "noloop": 0.9583333333333334,
  "ctx_recall": 0.2983425414364641,
  "nohall": 0.4444444444444444,
  "storyscore": 0.6265853347699286
}