{
  "bertscore": 0.8450728058815002,
  "lexical_recall": 0.27439024390243905,
  "title_cov": 0.0,
  "noloop": 0.9782608695652174,
  "ctx_recall": 0.27439024390243905,
  "nohall": 0.19999999999999996,
  "storyscore": 0.6167997810898758
}