{
  "bertscore": 0.852339506149292,
  "lexical_recall": 0.30836470312609787,
  "title_cov": 0.0,
  "noloop": 0.9675463492940697,
  "ctx_recall": 0.30836470312609787,
  "nohall": 0.3764646464646465,
  "storyscore": 0.6347495849400143
}