{
  "bertscore": 0.8442259907722474,
  "lexical_recall": 0.2845752124027112,
  "title_cov": 0.0,
  "noloop": 0.9741002215285608,
  "ctx_recall": 0.2845752124027112,
  "nohall": 0.20619684663162924,
  "storyscore": 0.6203656794244329
}