{
  "bertscore": 0.845159113407135,
  "lexical_recall": 0.3102409638554217,
  "title_cov": 0.0,
  "noloop": 0.9591836734693877,
  "ctx_recall": 0.3102409638554217,
  "nohall": 0.13043478260869568,
  "storyscore": 0.6311918535864497
}