{
  "bertscore": 0.8543803691864014,
  "lexical_recall": 0.3179347826086957,
  "title_cov": 0.0,
  "noloop": 0.9787234042553191,
  "ctx_recall": 0.3179347826086957,
  "nohall": 0.4,
  "storyscore": 0.6398021345553191
}