{
  "bertscore": 0.8388216495513916,
  "lexical_recall": 0.12605042016806722,
  "title_cov": 0.0,
  "noloop": 0.9767441860465116,
  "ctx_recall": 0.12605042016806722,
  "nohall": 0.5,
  "storyscore": 0.5537131577980619
}