{
  "bertscore": 0.8287964463233948,
  "lexical_recall": 0.11290322580645161,
  "title_cov": 0.0,
  "noloop": 0.9791666666666666,
  "ctx_recall": 0.11290322580645161,
  "nohall": 0.19999999999999996,
  "storyscore": 0.5424391581166175
}