{
  "bertscore": 0.8299987316131592,
  "lexical_recall": 0.11178247734138973,
  "title_cov": 0.0,
  "noloop": 0.9534883720930233,
  "ctx_recall": 0.11178247734138973,
  "nohall": 0.11111111111111116,
  "storyscore": 0.5427122299044513
}