{
  "bertscore": 0.8390404582023621,
  "lexical_recall": 0.1284153005464481,
  "title_cov": 0.0,
  "noloop": 0.9583333333333334,
  "ctx_recall": 0.1284153005464481,
  "nohall": 0.2727272727272727,
  "storyscore": 0.5547903951399964
}