{
  "bertscore": 0.8315598130226135,
  "lexical_recall": 0.12313024332056681,
  "title_cov": 0.0,
  "noloop": 0.9596679898174916,
  "ctx_recall": 0.12313024332056681,
  "nohall": 0.2050793650793651,
  "storyscore": 0.5481879851417949
}