{
  "bertscore": 0.8375161290168762,
  "lexical_recall": 0.1326530612244898,
  "title_cov": 0.0,
  "noloop": 0.96,
  "ctx_recall": 0.1326530612244898,
  "nohall": 0.33333333333333337,
  "storyscore": 0.5555709018999216
}