{
  "bertscore": 0.8329339027404785,
  "lexical_recall": 0.14497041420118342,
  "title_cov": 0.0,
  "noloop": 0.9545454545454546,
  "ctx_recall": 0.14497041420118342,
  "nohall": 0.2142857142857143,
  "storyscore": 0.5577485073247604
}