{
  "bertscore": 0.8356798887252808,
  "lexical_recall": 0.13702623906705538,
  "title_cov": 0.0,
  "noloop": 0.9555555555555556,
  "ctx_recall": 0.13702623906705538,
  "nohall": 0.5,
  "storyscore": 0.5562184288619906
}