{
  "bertscore": 0.8283430933952332,
  "lexical_recall": 0.13450292397660818,
  "title_cov": 0.0,
  "noloop": 0.9795918367346939,
  "ctx_recall": 0.13450292397660818,
  "nohall": 0.2666666666666667,
  "storyscore": 0.5508070256277832
}