{
  "bertscore": 0.832687497138977,
  "lexical_recall": 0.10638297872340426,
  "title_cov": 0.0,
  "noloop": 0.9583333333333334,
  "ctx_recall": 0.10638297872340426,
  "nohall": 0.09999999999999998,
  "storyscore": 0.5421656897727479
}