{
  "bertscore": 0.8359709143638611,
  "lexical_recall": 0.12740964936250243,
  "title_cov": 0.0,
  "noloop": 0.9659599483204134,
  "ctx_recall": 0.12740964936250243,
  "nohall": 0.3612121212121212,
  "storyscore": 0.5525464083633176
}