{
  "bertscore": 0.8338358402252197,
  "lexical_recall": 0.11801242236024845,
  "title_cov": 0.0,
  "noloop": 0.9523809523809523,
  "ctx_recall": 0.11801242236024845,
  "nohall": 0.33333333333333337,
  "storyscore": 0.5475064730792313
}