{
  "bertscore": 0.8418400883674622,
  "lexical_recall": 0.11513157894736842,
  "title_cov": 0.0,
  "noloop": 0.9473684210526316,
  "ctx_recall": 0.11513157894736842,
  "nohall": 0.0,
  "storyscore": 0.5511566845994246
}