{
  "bertscore": 0.8387420177459717,
  "lexical_recall": 0.08648648648648649,
  "title_cov": 0.0,
  "noloop": 0.9591836734693877,
  "ctx_recall": 0.08648648648648649,
  "nohall": 0.11111111111111116,
  "storyscore": 0.5378398052421776
}