{
  "bertscore": 0.8424079418182373,
  "lexical_recall": 0.10385756676557864,
  "title_cov": 0.0,
  "noloop": 0.9565217391304348,
  "ctx_recall": 0.10385756676557864,
  "nohall": 0.08333333333333337,
  "storyscore": 0.5469877917971738
}