{
  "bertscore": 0.8448609709739685,
  "lexical_recall": 0.09279925768597949,
  "title_cov": 0.0,
  "noloop": 0.9694034023818798,
  "ctx_recall": 0.09279925768597949,
  "nohall": 0.088975468975469,
  "storyscore": 0.5440362856587729
}