{
  "bertscore": 0.8413509130477905,
  "lexical_recall": 0.08259587020648967,
  "title_cov": 0.0,
  "noloop": 0.9782608695652174,
  "ctx_recall": 0.08259587020648967,
  "nohall": 0.0,
  "storyscore": 0.5378488959112702
}