{
  "bertscore": 0.8473051190376282,
  "lexical_recall": 0.10263929618768329,
  "title_cov": 0.0,
  "noloop": 0.9772727272727273,
  "ctx_recall": 0.10263929618768329,
  "nohall": 0.09090909090909094,
  "storyscore": 0.5494387898976502
}