{
  "bertscore": 0.8509055376052856,
  "lexical_recall": 0.1005586592178771,
  "title_cov": 0.0,
  "noloop": 0.9555555555555556,
  "ctx_recall": 0.1005586592178771,
  "nohall": 0.1428571428571429,
  "storyscore": 0.5507667862503222
}