{
  "bertscore": 0.8410968780517578,
  "lexical_recall": 0.10461515443922154,
  "title_cov": 0.0,
  "noloop": 0.956558917817499,
  "ctx_recall": 0.10461515443922154,
  "nohall": 0.04913419913419914,
  "storyscore": 0.5465041886067433
}