{
  "bertscore": 0.8408987522125244,
  "lexical_recall": 0.10397553516819572,
  "title_cov": 0.0,
  "noloop": 0.9545454545454546,
  "ctx_recall": 0.10397553516819572,
  "nohall": 0.0,
  "storyscore": 0.5461294653947929
}