{
  "bertscore": 0.8432607650756836,
  "lexical_recall": 0.11041009463722397,
  "title_cov": 0.0,
  "noloop": 0.95,
  "ctx_recall": 0.11041009463722397,
  "nohall": 0.0714285714285714,
  "storyscore": 0.5501204969002997
}