{
  "bertscore": 0.8370768427848816,
  "lexical_recall": 0.08970099667774087,
  "title_cov": 0.0,
  "noloop": 0.9743589743589743,
  "ctx_recall": 0.08970099667774087,
  "nohall": 0.09090909090909094,
  "storyscore": 0.5381265043420254
}