{
  "bertscore": 0.8460012674331665,
  "lexical_recall": 0.09171597633136094,
  "title_cov": 0.0,
  "noloop": 0.9767441860465116,
  "ctx_recall": 0.09171597633136094,
  "nohall": 0.09999999999999998,
  "storyscore": 0.5442871509924443
}