{
  "bertscore": 0.8508800387382507,
  "lexical_recall": 0.3005997354111348,
  "title_cov": 0.0,
  "noloop": 0.9560804952033342,
  "ctx_recall": 0.3005997354111348,
  "nohall": 0.7666666666666666,
  "storyscore": 0.6307679174074043
}