{
  "bertscore": 0.854925811290741,
  "lexical_recall": 0.31268436578171094,
  "title_cov": 0.0,
  "noloop": 0.9347826086956522,
  "ctx_recall": 0.31268436578171094,
  "nohall": 0.9166666666666666,
  "storyscore": 0.638029233087129
}