{
  "bertscore": 0.8500615954399109,
  "lexical_recall": 0.3127035830618892,
  "title_cov": 0.0,
  "noloop": 0.9534883720930233,
  "ctx_recall": 0.3127035830618892,
  "nohall": 0.7142857142857143,
  "storyscore": 0.6351183904887022
}