{
  "bertscore": 0.8453837037086487,
  "lexical_recall": 0.28901734104046245,
  "title_cov": 0.0,
  "noloop": 0.9772727272727273,
  "ctx_recall": 0.28901734104046245,
  "nohall": 0.75,
  "storyscore": 0.6228371586413742
}