{
  "bertscore": 0.8501296043395996,
  "lexical_recall": 0.2903225806451613,
  "title_cov": 0.0,
  "noloop": 0.9555555555555556,
  "ctx_recall": 0.2903225806451613,
  "nohall": 0.7692307692307692,
  "storyscore": 0.6262067948618242
}