{
  "bertscore": 0.8520609736442566,
  "lexical_recall": 0.3257328990228013,
  "title_cov": 0.0,
  "noloop": 0.9512195121951219,
  "ctx_recall": 0.3257328990228013,
  "nohall": 0.8571428571428572,
  "storyscore": 0.6415297437956744
}