{
  "bertscore": 0.8488789796829224,
  "lexical_recall": 0.29846153846153844,
  "title_cov": 0.0,
  "noloop": 0.9534883720930233,
  "ctx_recall": 0.29846153846153844,
  "nohall": 0.75,
  "storyscore": 0.6287120031943688
}