{
  "bertscore": 0.8494717955589295,
  "lexical_recall": 0.30275506460507706,
  "title_cov": 0.0,
  "noloop": 0.9582049078418903,
  "ctx_recall": 0.30275506460507706,
  "nohall": 0.7627747252747252,
  "storyscore": 0.6307851031773886
}