{
  "bertscore": 0.8443148136138916,
  "lexical_recall": 0.3018292682926829,
  "title_cov": 0.0,
  "noloop": 0.9565217391304348,
  "ctx_recall": 0.3018292682926829,
  "nohall": 0.75,
  "storyscore": 0.6273205954854081
}