{
  "bertscore": 0.847726047039032,
  "lexical_recall": 0.26857142857142857,
  "title_cov": 0.0,
  "noloop": 0.96,
  "ctx_recall": 0.26857142857142857,
  "nohall": 0.6666666666666667,
  "storyscore": 0.6160641996519906
}