{
  "bertscore": 0.85090571641922,
  "lexical_recall": 0.3102409638554217,
  "title_cov": 0.0,
  "noloop": 0.9534883720930233,
  "ctx_recall": 0.3102409638554217,
  "nohall": 0.6875,
  "storyscore": 0.6346398153937007
}