{
  "bertscore": 0.8573719263076782,
  "lexical_recall": 0.3072100313479624,
  "title_cov": 0.0,
  "noloop": 0.975609756097561,
  "ctx_recall": 0.3072100313479624,
  "nohall": 0.7857142857142857,
  "storyscore": 0.6373071683237919
}