{
  "bertscore": 0.8521965146064758,
  "lexical_recall": 0.21813031161473087,
  "title_cov": 0.0,
  "noloop": 0.9574468085106383,
  "ctx_recall": 0.21813031161473087,
  "nohall": 0.4285714285714286,
  "storyscore": 0.5985700334097779
}