{
  "bertscore": 0.8502910137176514,
  "lexical_recall": 0.2300354781231822,
  "title_cov": 0.0,
  "noloop": 0.9645981033144082,
  "ctx_recall": 0.2300354781231822,
  "nohall": 0.3474358974358974,
  "storyscore": 0.6021887994798637
}