{
  "bertscore": 0.8494816422462463,
  "lexical_recall": 0.23275862068965517,
  "title_cov": 0.0,
  "noloop": 0.9565217391304348,
  "ctx_recall": 0.23275862068965517,
  "nohall": 0.25,
  "storyscore": 0.6027924336236098
}