{
  "bertscore": 0.8503091931343079,
  "lexical_recall": 0.21621621621621623,
  "title_cov": 0.0,
  "noloop": 0.9534883720930233,
  "ctx_recall": 0.21621621621621623,
  "nohall": 0.5714285714285714,
  "storyscore": 0.5966720023670712
}