{
  "bertscore": 0.8405202627182007,
  "lexical_recall": 0.25075528700906347,
  "title_cov": 0.0,
  "noloop": 0.9767441860465116,
  "ctx_recall": 0.25075528700906347,
  "nohall": 0.3076923076923077,
  "storyscore": 0.6046142724345458
}