{
  "bertscore": 0.8444317579269409,
  "lexical_recall": 0.2791411042944785,
  "title_cov": 0.0,
  "noloop": 0.9761904761904762,
  "ctx_recall": 0.2791411042944785,
  "nohall": 0.2222222222222222,
  "storyscore": 0.618315496473956
}