{
  "bertscore": 0.8424735069274902,
  "lexical_recall": 0.25030697382096206,
  "title_cov": 0.0,
  "noloop": 0.9761904066232369,
  "ctx_recall": 0.25030697382096206,
  "nohall": 0.26598290598290597,
  "storyscore": 0.605606893684879
}