{
  "bertscore": 0.8528661131858826,
  "lexical_recall": 0.2626865671641791,
  "title_cov": 0.0,
  "noloop": 0.9772727272727273,
  "ctx_recall": 0.2626865671641791,
  "nohall": 0.33333333333333337,
  "storyscore": 0.6167942947772012
}