{
  "bertscore": 0.8404056429862976,
  "lexical_recall": 0.24709302325581395,
  "title_cov": 0.0,
  "noloop": 0.9787234042553191,
  "ctx_recall": 0.24709302325581395,
  "nohall": 0.2666666666666667,
  "storyscore": 0.603080595094104
}