{
  "bertscore": 0.8437861204147339,
  "lexical_recall": 0.2545454545454545,
  "title_cov": 0.0,
  "noloop": 0.975609756097561,
  "ctx_recall": 0.2545454545454545,
  "nohall": 0.19999999999999996,
  "storyscore": 0.6080898540670221
}