{
  "bertscore": 0.8466016054153442,
  "lexical_recall": 0.22038567493112948,
  "title_cov": 0.0,
  "noloop": 0.9782608695652174,
  "ctx_recall": 0.22038567493112948,
  "nohall": 0.15384615384615385,
  "storyscore": 0.5961152332216583
}