{
  "bertscore": 0.8634295463562012,
  "lexical_recall": 0.24233128834355827,
  "title_cov": 0.0,
  "noloop": 0.9767441860465116,
  "ctx_recall": 0.24233128834355827,
  "nohall": 0.36363636363636365,
  "storyscore": 0.614990243151144
}