{
  "bertscore": 0.8559190034866333,
  "lexical_recall": 0.2268370607028754,
  "title_cov": 0.0,
  "noloop": 0.9545454545454546,
  "ctx_recall": 0.2268370607028754,
  "nohall": 0.36363636363636365,
  "storyscore": 0.6042862263731301
}