{
  "bertscore": 0.8575137853622437,
  "lexical_recall": 0.26540928911347716,
  "title_cov": 0.0,
  "noloop": 0.9172961691566343,
  "ctx_recall": 0.26540928911347716,
  "nohall": 0.3742657342657343,
  "storyscore": 0.6206719868627371
}