{
  "bertscore": 0.8642151951789856,
  "lexical_recall": 0.23372781065088757,
  "title_cov": 0.0,
  "noloop": 0.9772727272727273,
  "ctx_recall": 0.23372781065088757,
  "nohall": 0.36363636363636365,
  "storyscore": 0.6120202413677464
}