{
  "bertscore": 0.8551703691482544,
  "lexical_recall": 0.24307692307692308,
  "title_cov": 0.0,
  "noloop": 0.9782608695652174,
  "ctx_recall": 0.24307692307692308,
  "nohall": 0.4444444444444444,
  "storyscore": 0.6103329907197218
}