{
  "bertscore": 0.8581970930099487,
  "lexical_recall": 0.22189349112426035,
  "title_cov": 0.0,
  "noloop": 0.9791666666666666,
  "ctx_recall": 0.22189349112426035,
  "nohall": 0.4,
  "storyscore": 0.6036756522556733
}