{
  "bertscore": 0.856289267539978,
  "lexical_recall": 0.24773413897280966,
  "title_cov": 0.0,
  "noloop": 0.9583333333333334,
  "ctx_recall": 0.24773413897280966,
  "nohall": 0.3076923076923077,
  "storyscore": 0.6128672161131107
}