{
  "bertscore": 0.8557845950126648,
  "lexical_recall": 0.24334600760456274,
  "title_cov": 0.0,
  "noloop": 0.8648648648648649,
  "ctx_recall": 0.24334600760456274,
  "nohall": 0.3076923076923077,
  "storyscore": 0.6108091600494239
}