{
  "bertscore": 0.8538994193077087,
  "lexical_recall": 0.286231884057971,
  "title_cov": 0.0,
  "noloop": 0.95,
  "ctx_recall": 0.286231884057971,
  "nohall": 0.4,
  "storyscore": 0.6268324052078137
}