{
  "bertscore": 0.8577387928962708,
  "lexical_recall": 0.2653846153846154,
  "title_cov": 0.0,
  "noloop": 0.8717948717948718,
  "ctx_recall": 0.2653846153846154,
  "nohall": 0.4,
  "storyscore": 0.6207971218916086
}