{
  "bertscore": 0.8567165732383728,
  "lexical_recall": 0.28975265017667845,
  "title_cov": 0.0,
  "noloop": 0.9230769230769231,
  "ctx_recall": 0.28975265017667845,
  "nohall": 0.4,
  "storyscore": 0.6299310040136951
}