{
  "bertscore": 0.85795818567276,
  "lexical_recall": 0.2346538849055512,
  "title_cov": 0.0,
  "noloop": 0.9695158102766799,
  "ctx_recall": 0.2346538849055512,
  "nohall": 0.37588189588189586,
  "storyscore": 0.6086364653658765
}