{
  "bertscore": 0.8319836258888245,
  "lexical_recall": 0.20165745856353592,
  "title_cov": 0.0,
  "noloop": 0.9767441860465116,
  "ctx_recall": 0.20165745856353592,
  "nohall": 0.5454545454545454,
  "storyscore": 0.579853158958709
}