{
  "bertscore": 0.8252511620521545,
  "lexical_recall": 0.18518518518518517,
  "title_cov": 0.0,
  "noloop": 0.9574468085106383,
  "ctx_recall": 0.18518518518518517,
  "nohall": 0.4444444444444444,
  "storyscore": 0.5692247713053668
}