{
  "bertscore": 0.8262966394424438,
  "lexical_recall": 0.18729588736259256,
  "title_cov": 0.0,
  "noloop": 0.9627342752634979,
  "ctx_recall": 0.18729588736259256,
  "nohall": 0.4802020202020202,
  "storyscore": 0.5706963386105034
}