{
  "bertscore": 0.8185397386550903,
  "lexical_recall": 0.14357682619647355,
  "title_cov": 0.0,
  "noloop": 0.98,
  "ctx_recall": 0.14357682619647355,
  "nohall": 0.4444444444444444,
  "storyscore": 0.5485545736716436
}