{
  "bertscore": 0.8233563303947449,
  "lexical_recall": 0.1853035143769968,
  "title_cov": 0.0,
  "noloop": 0.95,
  "ctx_recall": 0.1853035143769968,
  "nohall": 0.30000000000000004,
  "storyscore": 0.5681352039876456
}