{
  "bertscore": 0.8255117535591125,
  "lexical_recall": 0.15555555555555556,
  "title_cov": 0.0,
  "noloop": 0.9767441860465116,
  "ctx_recall": 0.15555555555555556,
  "nohall": 0.5714285714285714,
  "storyscore": 0.5575292743576897
}