{
  "bertscore": 0.8197492957115173,
  "lexical_recall": 0.1638888888888889,
  "title_cov": 0.0,
  "noloop": 0.9782608695652174,
  "ctx_recall": 0.1638888888888889,
  "nohall": 0.4,
  "storyscore": 0.557405132982466
}