{
  "bertscore": 0.8233687281608582,
  "lexical_recall": 0.16795865633074936,
  "title_cov": 0.0,
  "noloop": 0.9782608695652174,
  "ctx_recall": 0.16795865633074936,
  "nohall": 0.5555555555555556,
  "storyscore": 0.5612046994288147
}