{
  "bertscore": 0.8199644088745117,
  "lexical_recall": 0.17222222222222222,
  "title_cov": 0.0,
  "noloop": 0.9772727272727273,
  "ctx_recall": 0.17222222222222222,
  "nohall": 0.5714285714285714,
  "storyscore": 0.5608675342135959
}