{
  "bertscore": 0.8259218335151672,
  "lexical_recall": 0.1783783783783784,
  "title_cov": 0.0,
  "noloop": 0.9772727272727273,
  "ctx_recall": 0.1783783783783784,
  "nohall": 0.36363636363636365,
  "storyscore": 0.5669044514604517
}