{
  "bertscore": 0.8275233507156372,
  "lexical_recall": 0.19637462235649547,
  "title_cov": 0.0,
  "noloop": 0.9512195121951219,
  "ctx_recall": 0.19637462235649547,
  "nohall": 0.5555555555555556,
  "storyscore": 0.5750638593719806
}