{
  "bertscore": 0.8219374060630799,
  "lexical_recall": 0.16272437424830372,
  "title_cov": 0.0,
  "noloop": 0.9779101020314368,
  "ctx_recall": 0.16272437424830372,
  "nohall": 0.47018759018759015,
  "storyscore": 0.5582521933371694
}