{
  "bertscore": 0.8485294580459595,
  "lexical_recall": 0.3076923076923077,
  "title_cov": 0.0,
  "noloop": 0.9583333333333334,
  "ctx_recall": 0.3076923076923077,
  "nohall": 0.36,
  "storyscore": 0.6321945979044987
}