{
  "bertscore": 0.8436976671218872,
  "lexical_recall": 0.29393939393939394,
  "title_cov": 0.0,
  "noloop": 0.9555555555555556,
  "ctx_recall": 0.29393939393939394,
  "nohall": 0.38095238095238093,
  "storyscore": 0.6237943578488898
}