{
  "bertscore": 0.8397027850151062,
  "lexical_recall": 0.2968299711815562,
  "title_cov": 0.0,
  "noloop": 0.9555555555555556,
  "ctx_recall": 0.2968299711815562,
  "nohall": 0.35,
  "storyscore": 0.6225536594816862
}