{
  "bertscore": 0.8370577573776246,
  "lexical_recall": 0.22158776358986404,
  "title_cov": 0.0,
  "noloop": 0.9581179138321996,
  "ctx_recall": 0.22158776358986404,
  "nohall": 0.3787231559290383,
  "storyscore": 0.5908697598625203
}