{
  "bertscore": 0.8357911109924316,
  "lexical_recall": 0.1885245901639344,
  "title_cov": 0.0,
  "noloop": 0.9591836734693877,
  "ctx_recall": 0.1885245901639344,
  "nohall": 0.2857142857142857,
  "storyscore": 0.5768845026610327
}