{
  "bertscore": 0.8465914845466613,
  "lexical_recall": 0.30194876075490806,
  "title_cov": 0.0,
  "noloop": 0.9459523809523811,
  "ctx_recall": 0.30194876075490806,
  "nohall": 0.37429813664596273,
  "storyscore": 0.6287343950299599
}