{
  "bertscore": 0.8482958674430847,
  "lexical_recall": 0.3194888178913738,
  "title_cov": 0.0,
  "noloop": 0.9047619047619048,
  "ctx_recall": 0.3194888178913738,
  "nohall": 0.30434782608695654,
  "storyscore": 0.6367730476224003
}