{
  "bertscore": 0.8347865343093872,
  "lexical_recall": 0.22126436781609196,
  "title_cov": 0.0,
  "noloop": 0.9583333333333334,
  "ctx_recall": 0.22126436781609196,
  "nohall": 0.4375,
  "storyscore": 0.5893776677120691
}