{
  "bertscore": 0.8391517400741577,
  "lexical_recall": 0.2292817679558011,
  "title_cov": 0.0,
  "noloop": 0.9591836734693877,
  "ctx_recall": 0.2292817679558011,
  "nohall": 0.38888888888888884,
  "storyscore": 0.5952037512268151
}