{
  "bertscore": 0.8527316451072693,
  "lexical_recall": 0.2917933130699088,
  "title_cov": 0.0,
  "noloop": 0.9555555555555556,
  "ctx_recall": 0.2917933130699088,
  "nohall": 0.47619047619047616,
  "storyscore": 0.628356312292325
}