{
  "bertscore": 0.8336845636367798,
  "lexical_recall": 0.21367521367521367,
  "title_cov": 0.0,
  "noloop": 0.9583333333333334,
  "ctx_recall": 0.21367521367521367,
  "nohall": 0.3529411764705882,
  "storyscore": 0.5856808236521533
}