{
  "bertscore": 0.8418748378753662,
  "lexical_recall": 0.2551928783382789,
  "title_cov": 0.0,
  "noloop": 0.9555555555555556,
  "ctx_recall": 0.2551928783382789,
  "nohall": 0.4285714285714286,
  "storyscore": 0.6072020540605313
}