{
  "bertscore": 0.8199096918106079,
  "lexical_recall": 0.19366134533082918,
  "title_cov": 0.0,
  "noloop": 0.9454385773179602,
  "ctx_recall": 0.19366134533082918,
  "nohall": 0.18715728715728716,
  "storyscore": 0.5694103532186965
}