{
  "bertscore": 0.8203439116477966,
  "lexical_recall": 0.18597560975609756,
  "title_cov": 0.0,
  "noloop": 0.9545454545454546,
  "ctx_recall": 0.18597560975609756,
  "nohall": 0.25,
  "storyscore": 0.5665965908911169
}