{
  "bertscore": 0.831994354724884,
  "lexical_recall": 0.21700879765395895,
  "title_cov": 0.0,
  "noloop": 0.9565217391304348,
  "ctx_recall": 0.21700879765395895,
  "nohall": 0.375,
  "storyscore": 0.586000131896514
}