{
  "bertscore": 0.8258397579193115,
  "lexical_recall": 0.19128090085247135,
  "title_cov": 0.0,
  "noloop": 0.9610177865612648,
  "ctx_recall": 0.19128090085247135,
  "nohall": 0.34500000000000003,
  "storyscore": 0.5720162150925755
}