{
  "bertscore": 0.8192542195320129,
  "lexical_recall": 0.18478260869565216,
  "title_cov": 0.0,
  "noloop": 0.9347826086956522,
  "ctx_recall": 0.18478260869565216,
  "nohall": 0.19999999999999996,
  "storyscore": 0.5654655751974687
}