{
  "bertscore": 0.8327016234397888,
  "lexical_recall": 0.21587301587301588,
  "title_cov": 0.0,
  "noloop": 0.95,
  "ctx_recall": 0.21587301587301588,
  "nohall": 0.30000000000000004,
  "storyscore": 0.5859701804130797
}