{
  "bertscore": 0.8261778950691223,
  "lexical_recall": 0.1694915254237288,
  "title_cov": 0.0,
  "noloop": 0.9583333333333334,
  "ctx_recall": 0.1694915254237288,
  "nohall": 0.30000000000000004,
  "storyscore": 0.563503347210965
}