{
  "bertscore": 0.8205517530441284,
  "lexical_recall": 0.17559523809523808,
  "title_cov": 0.0,
  "noloop": 0.9565217391304348,
  "ctx_recall": 0.17559523809523808,
  "nohall": 0.5,
  "storyscore": 0.5625691470645723
}