{
  "bertscore": 0.7994894981384277,
  "lexical_recall": 0.1407766990291262,
  "title_cov": 0.0,
  "noloop": 0.935483870967742,
  "ctx_recall": 0.1407766990291262,
  "nohall": 0.11111111111111116,
  "storyscore": 0.5360043784947071
}