{
  "bertscore": 0.8301308751106262,
  "lexical_recall": 0.20833333333333334,
  "title_cov": 0.0,
  "noloop": 0.9791666666666666,
  "ctx_recall": 0.20833333333333334,
  "nohall": 0.30000000000000004,
  "storyscore": 0.5814118583997091
}