{
  "bertscore": 0.818971574306488,
  "lexical_recall": 0.22916666666666666,
  "title_cov": 0.0,
  "noloop": 0.9523809523809523,
  "ctx_recall": 0.22916666666666666,
  "nohall": 0.1428571428571429,
  "storyscore": 0.5830496112505594
}