{
  "bertscore": 0.829131543636322,
  "lexical_recall": 0.1977077363896848,
  "title_cov": 0.0,
  "noloop": 0.9545454545454546,
  "ctx_recall": 0.1977077363896848,
  "nohall": 0.18181818181818177,
  "storyscore": 0.5765620207376672
}